slug,lat,lng,anchor,place,source,note
2020-08-01-rae-lakes-loop,36.9153,-118.6077,park,Kings Canyon National Park,nominatim,
2021-05-09-south-olympic-coast,47.7865,-123.5361,park,Olympic National Park,nominatim,
2021-07-17-copper-ridge-loop-wa,48.8083,-121.4062,park,North Cascades National Park,nominatim,
2021-07-20-heybrook-lookout,48.1749,-121.3861,park,Mt. Baker-Snoqualmie National Forest,nominatim,
2022-03-17-grand-canyon-az,36.3079,-112.2929,park,Grand Canyon National Park,nominatim,
2022-05-14-goldmyer-hot-springs-wa,48.1749,-121.3861,park,Mt. Baker-Snoqualmie National Forest,nominatim,
2022-05-30-baker-lakeshore-wa,48.1749,-121.3861,park,Mt. Baker-Snoqualmie National Forest,nominatim,
2022-06-25-enchanted-valley-wa,47.7865,-123.5361,park,Olympic National Park,nominatim,
2022-08-22-goat-lake-loop-wa,46.5253,-121.4375,park,Goat Rocks Wilderness,nominatim,
2022-08-27-the-enchantments,47.5688,-121.1669,park,Alpine Lakes Wilderness,nominatim,
2022-09-18-the-rockwall,50.9419,-115.9908,park,Kootenay National Park,nominatim,
2023-05-12-chelan-lakeshore,48.3485,-120.6904,park,Lake Chelan National Recreation Area,nominatim,
2023-07-01-shi-shi-beach,47.7865,-123.5361,park,Olympic National Park,nominatim,
2023-07-16-teton-crest-trail,43.7553,-110.8046,park,Grand Tetons National Park,override,Nominatim returned a New Caledonia peak for this
2023-08-26-jasper-skyline,52.8041,-117.8048,park,Jasper National Park,nominatim,
2023-12-17-rainier-high-hut,46.8523,-121.7603,park,Mount Tahoma Trail System,override,Mount Rainier NP - 'Mount Tahoma Trail System' is not a place
2024-06-29-hidden-cove-diablo-lake,48.8083,-121.4062,park,North Cascades National Park,nominatim,
2024-07-26-brooks-camp,58.505,-155.0896,park,Katmai National Park,nominatim,
2024-08-10-mt-whitney,37.7722,-118.8102,park,Inyo National Forest + Sequoia National Park,nominatim,
2024-08-26-high-divide,47.7865,-123.5361,park,Olympic National Park,nominatim,
2025-07-05-west-coast-trail,49.0487,-125.7367,park,Pacific Rim National Park Reserve,nominatim,
2025-08-01-lamarck-col-jmt-pct,37.0384,-118.8363,park,John Muir Wilderness and Kings Canyon National Park,nominatim,
2025-08-29-sahale-glacier,48.8083,-121.4062,park,North Cascades National Park,nominatim,
2025-11-29-kepler-track,-45.2916,167.488,park,Fiordland National Park,nominatim,
2026-07-29-lake-ohara,51.3748,-116.5358,park,Yoho National Park,nominatim,
2026-09-11-three-days-in-algonquin,45.6571,-78.4995,park,Algonquin Provincial Park,nominatim,
