num,name,lat,lon,water_id,water_name,osm_id,match,matched_name
18,Aylen Lake Access Point,45.589313,-77.871117,3375600,Aylen Lake,14136942493,osm-access-point,nearest mapped access point (3 m from Aylen Lake)
19,Basin Lake Access Point,45.766565,-77.738434,-1910,,10724713475,osm-access-point,nearest mapped access point (5 m from Basin Lake)
24,Bissett Creek Access Point,46.13563,-78.117022,-3046,,6651301731,osm-access-point,nearest mapped access point (11 m from Bissett Creek) — pinned to boat ramp (8333 m)
28,Brain Lake Access Point,46.106361,-78.688826,9448577,Brain Lake,10733869113,osm-access-point,nearest mapped access point (1 m from Brain Lake) — pinned to boat ramp (731 m)
8,Cache Lake Access Point,45.551842,-78.593184,166310994,,1777646663,osm-access-point,nearest mapped access point (1 m from Cache Lake) — pinned to boat ramp (1937 m)
5,Canoe Lake Access Point,45.535047,-78.706697,338158564,,14022086038,osm-access-point,nearest mapped access point (0 m from Canoe Lake) — pinned to boat ramp (2700 m)
27,Cedar Lake - Brent Access Point,46.03264,-78.448649,-2548,Peboan Creek,1226128257,osm-access-point,nearest mapped access point (2 m from Cedar Lake)
13,Galeairy Lake - Whitney Access Point,45.489059,-78.242452,80504236,,1923118796,osm-access-point,nearest mapped access point (2 m from Galeairy Lake) — pinned to boat ramp (5718 m)
22,Grand Lake - Achray Access Point,45.867074,-77.758193,-1838,Johnston Creek,1208885213,osm-access-point,nearest mapped access point (0 m from Grand Lake) — pinned to boat ramp (4295 m)
16,Hay Lake Access Point,45.382918,-78.16372,3377987,Hay Lake,939200796,osm-access-point,nearest mapped access point (4 m from Hay Lake) — pinned to boat ramp (6044 m)
14,Hollow River - Dividing Lake Access Point,45.370094,-78.721808,-127,,10854275637,osm-access-point,nearest mapped access point (1 m from Dividing Lake) — pinned to boat ramp (10756 m)
1,Kawawaymog (Round) Lake Access Point,45.922381,-79.184627,-875,Amable du Fond River,14014539595,osm-access-point,nearest mapped access point (5 m from Kawawaymog Lake) — pinned to boat ramp (5111 m)
15,Kingscote Lake Access Point,45.188536,-78.232131,58461732,,724698878,osm-access-point,nearest mapped access point (2 m from Kingscote Lake) — pinned to boat ramp (3256 m)
29,Kioshkokwi Lake - Kiosk Access Point,46.088777,-78.876169,144450179,,1579423184,osm-access-point,nearest mapped access point (2 m from Kioshkokwi Lake) — pinned to boat ramp (3303 m)
11,Lake Opeongo Access Point,45.635173,-78.359344,-1338,,885712926,osm-access-point,nearest mapped access point (0 m from Lake Opeongo) — pinned to boat ramp (8186 m)
23,Lake Travers Access Point,45.96051,-78.06288,78589608,,922029545,osm-access-point,nearest mapped access point (4 m from Lake Travers) — pinned to boat ramp (690 m)
3,Magetawan Lake Access Point,45.668044,-78.986768,1183279,Magnetawan Lake,917844113,osm-access-point,nearest mapped access point (1 m from Magnetawan Lake) — pinned to boat ramp (339 m)
20,Mallard (Sec) Lake Access Point,45.330018,-77.546608,3375600,Aylen Lake,3019217192,osm-access-point,nearest mapped access point (22 m from Mallard Lake)
21,McManus Lake Access Point,45.945108,-77.606336,6474973,,10731700585,osm-access-point,nearest mapped access point (2 m from McManus Lake) — pinned to boat ramp (3271 m)
26,North River Access Point,46.086487,-78.277949,680569320,North River,10722349802,osm-access-point,nearest mapped access point (0 m from North River)
12,Pinetree Lake Access Point,45.550302,-78.327734,75097329,,886265517,osm-access-point,nearest mapped access point (1 m from Pinetree Lake)
4,Rain Lake Access Point,45.618985,-78.930493,78046766,,916899223,osm-access-point,nearest mapped access point (0 m from Rain Lake)
9,Rock Lake Access Point,45.52511,-78.413178,166189657,Madawaska River,939148403,osm-access-point,nearest mapped access point (2 m from Rock Lake) — pinned to boat ramp (3600 m)
17,Shall Lake Access Point,45.649795,-78.098485,3376429,Crotch Lake,10722349637,osm-access-point,nearest mapped access point (2 m from Shall Lake) — pinned to boat ramp (1302 m)
6,Smoke Lake Access Point,45.533277,-78.701658,338158564,,1912043033,osm-access-point,nearest mapped access point (2 m from Smoke Lake) — pinned to boat ramp (2563 m)
7,Source Lake Access Point,45.564451,-78.632413,-1419,,14040100969,osm-access-point,nearest mapped access point (1 m from Source Lake) — pinned to boat ramp (844 m)
10,Sunday Creek Access Point,45.599229,-78.398985,1151256,Sunday Lake,10724713662,osm-access-point,nearest mapped access point (1 m from Sunday Creek)
2,Tim River Access Point,45.739794,-79.060103,101298581,,10719715799,osm-access-point,nearest mapped access point (1 m from Tim Lake) — pinned to boat ramp (2875 m)
25,Wendigo Lake Access Point,46.132857,-78.295242,680569605,Windigo Lake,921369115,osm-access-point,nearest mapped access point (1 m from Wendigoes Lake) — pinned to boat ramp (21521 m)
