num,name,slug,url
18,Aylen Lake Access Point,aylen-lake,https://www.algonquinpark.on.ca/visit/camping/aylen-lake-access-point.php
19,Basin Lake Access Point,basin-lake,https://www.algonquinpark.on.ca/visit/camping/basin-lake-access-point.php
24,Bissett Creek Access Point,bissett-creek-road,https://www.algonquinpark.on.ca/visit/camping/bissett-creek-road-access-point.php
28,Brain Lake Access Point,brain-lake,https://www.algonquinpark.on.ca/visit/camping/brain-lake-access-point.php
8,Cache Lake Access Point,cache-lake,https://www.algonquinpark.on.ca/visit/camping/cache-lake-access-point.php
5,Canoe Lake Access Point,canoe-lake,https://www.algonquinpark.on.ca/visit/camping/canoe-lake-access-point.php
27,Cedar Lake - Brent Access Point,cedar-lake-brent,https://www.algonquinpark.on.ca/visit/camping/cedar-lake-brent-access-point.php
13,Galeairy Lake - Whitney Access Point,galeairy-lake-whitney,https://www.algonquinpark.on.ca/visit/camping/galeairy-lake-whitney-access-point.php
22,Grand Lake - Achray Access Point,grand-lake-achray,https://www.algonquinpark.on.ca/visit/camping/grand-lake-achray-access-point.php
16,Hay Lake Access Point,hay-lake,https://www.algonquinpark.on.ca/visit/camping/hay-lake-access-point.php
14,Hollow River - Dividing Lake Access Point,hollow-river-dividing-lake,https://www.algonquinpark.on.ca/visit/camping/hollow-river-dividing-lake-access-point.php
1,Kawawaymog (Round) Lake Access Point,kawawaymog-lake,https://www.algonquinpark.on.ca/visit/camping/kawawaymog-lake-access-point.php
15,Kingscote Lake Access Point,kingscote-lake,https://www.algonquinpark.on.ca/visit/camping/kingscote-lake-access-point.php
29,Kioshkokwi Lake - Kiosk Access Point,kioshkokwi-lake-kiosk,https://www.algonquinpark.on.ca/visit/camping/kioshkokwi-lake-kiosk-access-point.php
11,Lake Opeongo Access Point,lake-opeongo,https://www.algonquinpark.on.ca/visit/camping/lake-opeongo-access-point.php
23,Lake Travers Access Point,lake-travers,https://www.algonquinpark.on.ca/visit/camping/lake-travers-access-point.php
3,Magetawan Lake Access Point,magnetawan-lake,https://www.algonquinpark.on.ca/visit/camping/magnetawan-lake-access-point.php
20,Mallard (Sec) Lake Access Point,mallard-lake,https://www.algonquinpark.on.ca/visit/camping/mallard-lake-access-point.php
21,McManus Lake Access Point,mcmanus-lake,https://www.algonquinpark.on.ca/visit/camping/mcmanus-lake-access-point.php
26,North River Access Point,north-river,https://www.algonquinpark.on.ca/visit/camping/north-river-access-point.php
12,Pinetree Lake Access Point,pinetree-lake,https://www.algonquinpark.on.ca/visit/camping/pinetree-lake-access-point.php
4,Rain Lake Access Point,rain-lake,https://www.algonquinpark.on.ca/visit/camping/rain-lake-access-point.php
9,Rock Lake Access Point,rock-lake,https://www.algonquinpark.on.ca/visit/camping/rock-lake-access-point.php
17,Shall Lake Access Point,shall-lake,https://www.algonquinpark.on.ca/visit/camping/shall-lake-access-point.php
6,Smoke Lake Access Point,smoke-lake,https://www.algonquinpark.on.ca/visit/camping/smoke-lake-access-point.php
7,Source Lake Access Point,source-lake,https://www.algonquinpark.on.ca/visit/camping/source-lake-access-point.php
10,Sunday Creek Access Point,sunday-creek,https://www.algonquinpark.on.ca/visit/camping/sunday-creek-access-point.php
2,Tim River Access Point,tim-river,https://www.algonquinpark.on.ca/visit/camping/tim-river-access-point.php
25,Wendigo Lake Access Point,wendigo-lake,https://www.algonquinpark.on.ca/visit/camping/wendigo-lake-access-point.php
