osm_id,name,ref,lat,lon,water_id
3144504818,,,45.463671,-78.693329,6463476
3144504819,,,45.46653,-78.696848,6463476
3144504820,,,45.469841,-78.696719,6463476
3144504821,,,45.47121,-78.694423,6463476
3144504822,,,45.471556,-78.692707,6463476
4018680805,Maple Leaf 9,,45.46952,-78.839864,1241112
4018680806,Maple Leaf 7,,45.471851,-78.835185,1241112
4018680807,Maple Leaf 6,,45.471574,-78.834929,1241112
4018680808,Maple Leaf 1,,45.465673,-78.840104,1241112
4018680809,Maple Leaf 2,,45.466671,-78.839102,1241112
4018680810,Maple Leaf 3,,45.467535,-78.83743,1241112
4018680811,Maple Leaf 10,,45.467881,-78.834924,1241112
4018680812,Maple Leaf 4,,45.468836,-78.834942,1241112
4018680813,Maple Leaf 8,,45.469325,-78.833997,1241112
4018680814,Maple Leaf 5,,45.470131,-78.834485,1241112
4060623569,Maggie 13,,45.490546,-78.876617,2998116
4060623570,Maggie Lake,,45.491614,-78.878355,2998116
4060623571,Maggie 10,,45.487507,-78.882776,2998116
4060623572,Maggie 9,,45.48692,-78.8902,2998116
4060623573,Maggie 8,,45.492457,-78.886515,2998116
4060624428,Norah #1,,45.525088,-78.843293,78033010
4060624429,Oak #1,,45.520623,-78.826878,78033402
4060624430,Emergency Site,,45.520592,-78.827479,78033402
4060624431,Eu #1,,45.515556,-78.815828,1152997388
4060624438,Guskewau Lake,,45.494814,-78.816825,82616247
4060624439,Guskewau Lake,,45.493705,-78.815371,82616247
4060624440,Guskewau Lake,,45.492919,-78.815027,82616247
4060624441,Guskewau #3,,45.492343,-78.81499,82616247
4060624449,Ramona #1,,45.517969,-78.790934,78033118
4060624450,Emergency Site,,45.517969,-78.789925,78033118
4060624451,Ranoma #2,,45.517984,-78.788402,78033118
4060624452,Ranoma #3,,45.517758,-78.787221,78033118
4060624453,Thunder #2,,45.53461,-78.792124,78033502
4060624454,Thunder #1,,45.533505,-78.794292,78033502
6859081807,,,45.465474,-78.695242,6463476
6859081848,,,45.536575,-78.754639,1182171
6859081849,,,45.535397,-78.754211,1182171
6859081854,,,45.534871,-78.757281,1182171
6859081861,,,45.530913,-78.762913,975803921
6859081872,,,45.520961,-78.76678,78033468
6859081875,,,45.530138,-78.772959,78033175
6859081922,,,45.531871,-78.796798,78033502
6859081933,,,45.531568,-78.802699,1182170
6859081934,,,45.449938,-78.758262,82616543
6859081951,,,45.533469,-78.817607,78033181
6859081985,,,45.537042,-78.840134,1182168
6859082057,,,45.50068,-78.850189,2998120
6859082093,,,45.444321,-78.829041,181014547
6859082095,,,45.443781,-78.829069,181014547
6859082101,,,45.439557,-78.828919,181014547
6859082123,,,45.495714,-78.869979,2998116
6859082129,,,45.494607,-78.874896,2998116
9029783575,Camp Tamakwa,,45.515362,-78.733848,2998118
10723998154,Panther #2,,45.524134,-78.803397,1182170
10723998155,Panther #1,,45.523029,-78.803762,1182170
10723998177,Steeprise #2,,45.489735,-78.855872,1241107
10723998178,Little Hardy #1,,45.482804,-78.862975,82688769
10723998185,Maggie 6,,45.499652,-78.867481,2998116
10723998186,Maggie 5,,45.49595,-78.866799,2998116
10723998187,Maggie 3,,45.496076,-78.861839,2998116
10723998188,Maggie 2,,45.49403,-78.860626,2998116
10723998194,Maggie 1,,45.491396,-78.865252,2998116
10723998195,Steeprise #1,,45.489686,-78.861891,1241107
11110848091,Maggie 7,,45.497336,-78.873771,2998116
11938338704,Maggie 4,,45.496263,-78.86379,2998116
11938338705,Maggie 11,,45.490895,-78.869718,2998116
11938338706,Maggie 12,,45.491,-78.867508,2998116
441586113,Tea Lake Campground,,45.514426,-78.718385,180740253
889729455,,,45.484147,-78.636067,6463476
889742828,,,45.452471,-78.628461,2419158
889742829,,,45.453531,-78.62479,2419158
889742830,,,45.446351,-78.600484,2419158
889742831,,,45.445298,-78.598044,2419158
889742832,,,45.480206,-78.627827,6463476
889742834,,,45.452184,-78.604388,2419158
889742835,,,45.452017,-78.610862,2419158
889742836,,,45.453001,-78.61842,2419158
889742837,,,45.449215,-78.617664,2419158
889742838,,,45.475602,-78.64686,6463476
889742841,,,45.445448,-78.601767,2419158
2407173017,,,45.433203,-78.560807,3378612
2407180244,,,45.443607,-78.511264,3378613
2407180270,,,45.445008,-78.513835,3378613
3144504790,,,45.491758,-78.653922,180760076
3144504791,,,45.483638,-78.646262,6463476
3144504792,,,45.484432,-78.64882,6463476
3144504793,,,45.482231,-78.650671,6463476
3144504794,,,45.481051,-78.649523,6463476
3144504795,,,45.481359,-78.644502,6463476
3144504796,,,45.479591,-78.647935,6463476
3144504797,,,45.478297,-78.644126,6463476
3144504798,,,45.479298,-78.639438,6463476
3144504799,,,45.485203,-78.639556,6463476
3144504800,,,45.480795,-78.622583,6463476
3144504801,,,45.47744,-78.654641,6463476
3144504802,,,45.470609,-78.65089,6463476
3144504803,,,45.473467,-78.643182,6463476
3144504804,,,45.469389,-78.642818,6463476
3144504805,,,45.466681,-78.641273,6463476
3144504806,,,45.466214,-78.648761,6463476
3144504807,,,45.465642,-78.660649,6463476
3144504808,,,45.470473,-78.664919,6463476
3144504809,,,45.471707,-78.668717,6463476
3144504810,,,45.472817,-78.669681,6463476
3144504811,,,45.471872,-78.672,6463476
3144504812,,,45.469284,-78.67818,6463476
3144504813,,,45.471165,-78.678866,6463476
3144504814,,,45.469811,-78.682815,6463476
3144504815,,,45.466335,-78.677665,6463476
3144504816,,,45.462903,-78.684424,6463476
3144504817,,,45.463325,-78.688286,181285159
3144504823,,,45.471902,-78.68966,6463476
3144504824,,,45.470593,-78.688458,6463476
3144504825,,,45.467433,-78.686505,6463476
3144504826,,,45.469585,-78.686613,6463476
3144504827,,,45.470458,-78.683845,6463476
3144504828,,,45.458249,-78.617777,2419158
3144508330,,,45.447565,-78.595573,2419158
3144508331,,,45.446813,-78.594624,181376771
3144508333,,,45.431757,-78.587993,181376972
3144508334,,,45.451796,-78.583101,181376771
3144508335,,,45.452249,-78.579828,181376771
3144508336,,,45.455137,-78.583401,181376771
3144508337,,,45.465296,-78.587693,181376771
3144508339,,,45.469359,-78.580783,181376796
3144508343,,,45.479576,-78.564111,2419627
3144508344,,,45.478177,-78.568531,2419627
3144508345,,,45.481562,-78.552459,2421926
3144508346,,,45.484195,-78.545636,2421926
3144508348,,,45.491551,-78.537418,2421874
3144508349,,,45.492709,-78.529757,2421874
3144508350,,,45.496439,-78.517762,2421874
3144508351,,,45.494604,-78.515531,2421874
3144508352,,,45.495582,-78.538083,181590616
3144508353,,,45.509027,-78.52877,15832252
3144508354,,,45.510591,-78.53583,15832252
3144508355,,,45.512316,-78.531463,15832252
3144508356,,,45.511324,-78.528234,15832252
3144508357,,,45.511647,-78.528995,15832252
3144508358,,,45.514388,-78.53171,15832252
3144508359,,,45.515425,-78.532734,15832252
3144508360,,,45.51762,-78.534574,15832252
3144508361,,,45.514004,-78.536001,15832252
3144508362,,,45.513102,-78.537675,15832252
3144508363,,,45.516485,-78.537568,15832252
3144508364,,,45.512628,-78.560216,74571198
3144508365,,,45.51441,-78.554841,74571198
3144508366,,,45.506396,-78.567458,74571198
3144508367,,,45.524333,-78.551987,181381374
3144508368,,,45.524108,-78.54997,181381374
3144508369,,,45.523514,-78.555598,181381374
3144508370,,,45.520439,-78.555442,181381374
3144508371,,,45.520469,-78.553404,181381374
3144508374,,,45.524017,-78.563832,181381374
3144508375,,,45.522649,-78.560549,181381374
3144508376,,,45.523217,-78.557572,181381374
3144508377,,,45.52519,-78.564433,181381374
3144508378,,,45.523341,-78.56748,181381374
3144508379,,,45.517628,-78.567161,181381374
3144508380,,,45.540422,-78.611291,2216559
3144508382,,,45.539951,-78.613485,2216559
3144508384,,,45.540537,-78.633784,2216559
3144508386,,,45.532511,-78.636595,2216566
3144508387,,,45.529083,-78.637003,2216566
3144508388,,,45.527204,-78.637904,2216566
3144508389,,,45.52757,-78.649115,2216566
3144508390,,,45.529189,-78.647495,2216566
3771250963,,,45.482053,-78.396344,2974053
3771250964,,,45.484448,-78.344094,6498256
3771250965,,,45.491797,-78.358453,2425117
3771251995,,,45.470437,-78.387879,6549546
3771251996,,,45.470052,-78.348395,6498256
3771251997,,,45.489351,-78.348845,6498256
3771251998,,,45.492304,-78.368399,2974053
3771252095,,,45.476767,-78.3949,6549546
3771252096,,,45.494872,-78.37777,2974053
3772108984,,,45.501173,-78.380716,2974053
3772108985,,,45.507132,-78.391898,2974053
3772116715,,,45.50368,-78.381527,2974053
3772117078,,,45.500937,-78.397273,2974053
3772117241,,,45.500571,-78.3777,2974053
3772117242,,,45.497756,-78.375405,2974053
3772117244,,,45.504231,-78.384643,2974053
3772117245,,,45.504267,-78.385476,2974053
3772117246,,,45.501764,-78.391529,2974053
3772117255,,,45.501819,-78.397195,2974053
3772117256,,,45.502504,-78.398159,2974053
3772117457,,,45.508998,-78.392324,2974053
6859080982,,,45.485553,-78.283266,6498256
6859080995,,,45.513554,-78.30134,6498256
6859081006,,,45.483125,-78.288115,6498256
6859081007,,,45.475209,-78.284187,6498256
6859081014,,,45.475028,-78.287436,6498256
6859081017,,,45.40246,-78.249374,1208484
6859081021,,,45.403089,-78.251004,1208484
6859081024,,,45.480961,-78.29397,6498256
6859081028,,,45.479679,-78.294792,6498256
6859081032,,,45.474312,-78.292988,6498256
6859081036,,,45.396486,-78.252425,1208484
6859081042,,,45.474406,-78.296061,6498256
6859081043,,,45.481505,-78.301064,6498256
6859081044,,,45.523327,-78.323994,1152941
6859081050,,,45.386127,-78.252264,1208484
6859081060,,,45.396272,-78.261794,1208484
6859081072,,,45.492368,-78.319322,6498256
6859081075,,,45.490057,-78.319159,6498256
6859081078,,,45.526404,-78.339362,15583758
6859081086,,,45.491553,-78.323527,6498256
6859081091,,,45.492779,-78.325483,6498256
6859081092,,,45.359685,-78.254911,80561770
6859081093,,,45.243258,-78.193475,904307
6859081094,,,45.245718,-78.194786,904307
6859081106,,,45.244575,-78.198797,904307
6859081110,,,45.228935,-78.191965,1042373089
6859081115,,,45.243989,-78.202997,904307
6859081116,,,45.488562,-78.334,6498256
6859081117,,,45.490528,-78.336031,6498256
6859081120,,,45.489344,-78.337338,6498256
6859081121,,,45.321677,-78.248407,80556585
6859081122,,,45.491432,-78.340623,6498256
6859081127,,,45.389995,-78.291946,1208483
6859081134,,,45.29251,-78.242873,80565661
6859081136,,,45.452183,-78.329338,1208433
6859081138,,,45.433015,-78.319465,80507749
6859081141,,,45.279796,-78.238445,80565661
6859081142,,,45.420281,-78.314241,80507687
6859081145,,,45.471869,-78.343915,6498256
6859081149,,,45.453184,-78.33616,1208433
6859081152,,,45.237504,-78.224788,1150566327
6859081163,,,45.208331,-78.218037,904224
6859081166,,,45.209609,-78.219792,904224
6859081168,,,45.211178,-78.221595,904224
6859081169,,,45.216661,-78.224949,904224
6859081170,,,45.204422,-78.219604,904224
6859081172,,,45.50702,-78.3822,2974053
6859081174,,,45.207886,-78.221987,904224
6859081176,,,45.19769,-78.217518,904224
6859081177,,,45.504924,-78.382366,2974053
6859081179,,,45.198296,-78.218378,904224
6859081180,,,45.197872,-78.21826,904224
6859081183,,,45.199156,-78.222272,904224
6859081184,,,45.211286,-78.22917,904224
6859081186,,,45.190164,-78.218982,904224
6859081187,,,45.19853,-78.223764,904224
6859081193,,,45.195965,-78.227979,904224
6859081195,,,45.186532,-78.225205,904224
6859081205,,,45.423988,-78.354844,2427708
6859081206,,,45.499475,-78.395962,2974053
6859081207,,,45.426249,-78.357102,2427708
6859081209,,,45.477729,-78.385202,6549546
6859081212,,,45.454929,-78.373558,6549546
6859081214,,,45.43349,-78.362226,6549546
6859081216,,,45.50239,-78.40013,2974053
6859081217,,,45.189391,-78.232419,904224
6859081219,,,45.189009,-78.232429,904224
6859081220,,,45.439988,-78.366913,6549546
6859081221,,,45.5008,-78.399763,2974053
6859081224,,,45.459416,-78.377812,6549546
6859081225,,,45.18826,-78.232674,904224
6859081226,,,45.188592,-78.232851,904224
6859081227,,,45.188792,-78.232958,904224
6859081228,,,45.1889,-78.233123,904224
6859081231,,,45.500931,-78.401612,2974053
6859081232,,,45.441045,-78.370072,6549546
6859081233,,,45.415647,-78.357546,2427708
6859081235,,,45.433889,-78.368701,6549546
6859081236,,,45.442639,-78.374062,6549546
6859081237,,,45.444398,-78.375442,6549546
6859081238,,,45.46938,-78.389215,6549546
6859081239,,,45.467842,-78.388943,6549546
6859081241,,,45.448562,-78.379197,6549546
6859081242,,,45.447025,-78.378693,6549546
6859081243,,,45.455834,-78.383549,6549546
6859081244,,,45.435047,-78.374614,6549546
6859081245,,,45.412673,-78.363792,2427708
6859081246,,,45.449689,-78.3838,6549546
6859081248,,,45.407586,-78.367919,2427708
6859081249,,,45.404097,-78.366473,2427708
6859081268,,,45.422093,-78.40713,181938475
6859081271,,,45.483078,-78.442007,3378611
6859081273,,,45.427026,-78.413469,181938475
6859081275,,,45.415988,-78.409566,181938475
6859081281,,,45.48128,-78.450437,3378611
6859081285,,,45.477825,-78.451703,3378611
6859081292,,,45.477971,-78.452863,3378611
6859081293,,,45.41986,-78.421801,181938475
6859081295,,,45.424446,-78.425678,181938493
6859081296,,,45.420269,-78.423964,181938475
6859081297,,,45.470884,-78.451516,3378611
6859081303,,,45.431445,-78.431615,181938493
6859081307,,,45.469456,-78.453446,3378611
6859081313,,,45.471066,-78.456802,3378611
6859081317,,,45.472224,-78.458724,3378611
6859081326,,,45.463344,-78.458677,3378611
6859081330,,,45.331684,-78.388472,80561528
6859081334,,,45.432423,-78.443588,181940354
6859081341,,,45.324351,-78.38771,80561528
6859081344,,,45.475484,-78.47097,3378611
6859081348,,,45.472468,-78.470311,3378611
6859081349,,,45.321669,-78.3895,80561528
6859081355,,,45.424654,-78.447058,181940354
6859081361,,,45.428747,-78.451644,181940354
6859081367,,,45.474221,-78.47796,3378611
6859081369,,,45.471961,-78.477601,3378611
6859081371,,,45.422538,-78.450989,181940354
6859081373,,,45.474911,-78.480494,3378611
6859081374,,,45.319505,-78.396901,80561528
6859081395,,,45.470489,-78.484802,3378611
6859081401,,,45.470078,-78.485768,3378611
6859081409,,,45.420978,-78.462778,2424996
6859081416,,,45.432772,-78.471528,1208470
6859081424,,,45.419159,-78.467301,2424996
6859081426,,,45.469371,-78.495219,3378611
6859081427,,,45.464433,-78.492654,3378611
6859081430,,,45.47141,-78.496972,3378611
6859081435,,,45.469703,-78.497669,3378611
6859081438,,,45.470483,-78.501645,3378611
6859081442,,,45.497827,-78.518185,2421874
6859081444,,,45.370247,-78.449305,1209337
6859081446,,,45.4952,-78.518059,2421874
6859081448,,,45.460452,-78.500213,3378611
6859081449,,,45.371345,-78.452624,1209337
6859081456,,,45.472771,-78.510123,3378611
6859081464,,,45.51496,-78.538503,15832252
6859081470,,,45.492492,-78.528156,2421874
6859081478,,,45.463622,-78.515323,3378611
6859081483,,,45.442742,-78.50672,3378613
6859081491,,,45.492901,-78.536269,2421874
6859081505,,,45.51964,-78.55337,74571198
6859081525,,,45.428664,-78.513569,82450602
6859081529,,,45.483212,-78.545174,2421926
6859081534,,,45.425758,-78.516747,82450602
6859081541,,,45.43886,-78.528267,3378613
6859081572,,,45.518442,-78.594361,181381346
6859081585,,,45.520827,-78.60388,2419654
6859081588,,,45.435779,-78.560399,3378612
6859081595,,,45.429586,-78.565897,3378612
6859081596,,,45.46943,-78.587353,181376771
6859081604,,,45.413428,-78.566315,1239543
6859081605,,,45.407627,-78.565545,1239543
6859081618,,,45.448499,-78.595386,181376771
6859081619,,,45.446218,-78.594255,181376771
6859081623,,,45.437517,-78.591031,181376972
6859081624,,,45.432505,-78.588972,181376972
6859081626,,,45.449615,-78.598911,2419158
6859081636,,,45.453324,-78.610278,2419158
6859081642,,,45.459496,-78.616845,2419158
6859081647,,,45.480961,-78.631619,6463476
6859081659,,,45.406291,-78.597638,1239545
6859081662,,,45.355339,-78.570232,82451990
6859081665,,,45.482212,-78.640778,6463476
6859081675,,,45.449846,-78.626263,2419158
6859081678,,,45.478093,-78.642191,6463476
6859081691,,,45.478607,-78.651271,6463476
6859081726,,,45.465788,-78.658281,6463476
6859081773,,,45.468143,-78.682531,6463476
6859081781,,,45.469252,-78.68519,6463476
6859081790,,,45.468306,-78.689541,6463476
13206127687,,,45.470365,-78.387947,6549546
13206148132,,,45.448868,-78.385994,6549546
13206148712,,,45.4486,-78.378989,6549546
13206160406,,,45.455528,-78.383777,6549546
125536095,Racoon Lake Campground,,45.539378,-78.405353,9379383
846600878,Rock Lake Campground B,,45.519594,-78.403888,2974053
846600879,Rock Lake Campground A,,45.523947,-78.409242,166189657
6859081052,,,45.208635,-78.15805,58463675
6859081097,,,45.227302,-78.186692,1042373089
317282724,Camp Arowhon,,45.595673,-78.7314,2416860
477838117,,,45.697447,-78.833403,1180411
1350643049,,,45.662219,-78.694029,1154075
1350643055,,,45.662339,-78.690907,1154075
1350643059,,,45.659227,-78.690231,1154075
1350653679,,,45.66093,-78.702306,1154075
1350653715,,,45.662234,-78.700815,1154075
1350701017,,,45.624986,-78.703014,2415347
1350701018,,,45.62305,-78.703808,2415347
1350701019,,,45.625484,-78.708069,2415347
1350701020,,,45.6244,-78.711361,2415347
1350701021,,,45.621129,-78.716833,2415347
1350701022,,,45.622404,-78.713572,2415347
1350701023,,,45.621624,-78.715052,2415347
1350710201,,,45.611729,-78.724139,2413882
1350710204,,,45.620108,-78.72239,2415347
1350710206,,,45.610698,-78.725974,2413882
1350710208,,,45.609707,-78.724171,2413882
1350710211,,,45.608521,-78.728077,2413882
1350710213,,,45.604258,-78.727261,2413882
1350710214,,,45.605263,-78.726082,2413882
1350710215,,,45.602216,-78.724515,2413882
1350710217,,,45.602081,-78.726596,2413882
1350710219,,,45.592457,-78.723828,2411957
1350710221,,,45.590325,-78.72312,2411957
1350710223,,,45.588943,-78.722626,2416860
1350710225,,,45.589995,-78.718163,2411957
1350710230,,,45.5857,-78.715717,2411957
1350710231,,,45.582651,-78.714773,2411957
1350710232,,,45.584273,-78.71091,2411957
1350710233,,,45.582126,-78.711104,2411957
2441743378,,,45.630832,-78.803991,1180931
4060624455,Lupus Lake,,45.541569,-78.792875,78033744
4060624456,Lupus #1,,45.54226,-78.789657,78033744
4060624457,Redwing Lake,,45.545386,-78.776439,78033017
4060624458,Redwing #1,,45.546603,-78.772576,78033017
4060624459,Susan #2,,45.563627,-78.768242,1182112
4060624460,Susan #1,,45.565234,-78.768049,1182112
4060624461,Rainbow #2,,45.582492,-78.759403,78028908
4060624462,Rainbow #1,,45.58449,-78.760476,78028908
4060624463,Emergency Site,,45.58518,-78.762729,78028908
4060624464,West Otterpaw #2,,45.576872,-78.807079,1182106
4060624465,Emergency Site,,45.578239,-78.81328,1182106
4060624466,West Otterpaw #1,,45.576361,-78.815726,78026914
4060624467,Gervais #1,,45.576496,-78.817186,78026914
4060624468,Tern #2,,45.570365,-78.837485,78026996
4060624469,Tern #1,,45.570175,-78.839151,78026996
4060624471,Pincher #5,,45.57118,-78.855281,1182114
4060624472,Pincher #4,,45.571043,-78.859476,1182114
4060624474,Pincher #3,,45.571178,-78.861943,1182114
4060624475,Pincher #1,,45.576,-78.86336,1182114
4060624476,Pincher #2,,45.574182,-78.861262,1182114
4060624478,Clara Lake,,45.555434,-78.882179,78032839
4060624479,Clara Lake,,45.554773,-78.881685,78032839
4361069410,,,45.589842,-78.71911,2411957
4361069411,,,45.591149,-78.711261,2411957
4361069412,,,45.589354,-78.713727,2411957
4361069413,,,45.59313,-78.710259,2411957
4361069414,,,45.593573,-78.709436,2411957
4361069415,,,45.591455,-78.707311,2411957
4361069416,,,45.593512,-78.705434,2411957
4361069417,,,45.595346,-78.706449,2411957
4361069418,,,45.595169,-78.70302,2411957
4361069419,,,45.596906,-78.702891,2411957
4361069420,,,45.597417,-78.701496,2411957
4361069421,,,45.597417,-78.700102,2411957
6025634726,,,45.705316,-78.699339,6462741
6025646487,,,45.782877,-78.691611,1474864
6025646488,,,45.783973,-78.695917,1474864
6025654571,,,45.717799,-78.81616,77849502
6025656729,,,45.70637,-78.804655,1180411
6025658480,,,45.700239,-78.822843,1180411
6025659309,,,45.700465,-78.814382,1180411
6025660952,,,45.679585,-78.848544,1180927
6025660953,,,45.675233,-78.860098,1180929
6025660954,,,45.676319,-78.858298,1180929
6025660955,,,45.676727,-78.857144,1180929
6025664863,,,45.69292,-78.834531,1180411
6025671463,,,45.667744,-78.875892,2998020
6025671464,,,45.667229,-78.874183,2998020
6859081323,,,45.938406,-78.715791,-777
6859081354,,,45.915088,-78.714195,104140581
6859081370,,,45.886232,-78.703451,1474979
6859081375,,,45.891419,-78.708509,104140549
6859081380,,,45.891153,-78.709306,104140549
6859081381,,,45.883983,-78.705594,1474979
6859081383,,,45.885724,-78.708185,1474979
6859081386,,,45.881923,-78.70675,1474979
6859081406,,,45.906033,-78.724696,104140168
6859081414,,,45.880692,-78.714464,1474979
6859081440,,,45.941031,-78.758807,1477514
6859081443,,,45.902119,-78.739006,-777
6859081455,,,45.940924,-78.765732,1477514
6859081539,,,45.889097,-78.773046,-777
6859081592,,,45.881569,-78.807271,-777
6859081597,,,45.93148,-78.841122,59642893
6859081599,,,45.657144,-78.692783,1154075
6859081600,,,45.932559,-78.845321,59642893
6859081612,,,45.922819,-78.852923,59878657
6859081614,,,45.923543,-78.854197,59878657
6859081622,,,45.875705,-78.830747,-777
6859081630,,,45.736867,-78.758533,77849549
6859081631,,,45.621914,-78.69814,2415347
6859081634,,,45.620792,-78.699479,2415347
6859081641,,,45.912815,-78.865179,59877455
6859081643,,,45.782309,-78.793372,1475586
6859081644,,,45.621189,-78.706202,2415347
6859081649,,,45.619705,-78.708319,2415347
6859081650,,,45.622634,-78.711006,2415347
6859081651,,,45.638304,-78.721209,180991133
6859081652,,,45.597999,-78.699414,2411957
6859081653,,,45.635998,-78.720163,180991133
6859081654,,,45.61914,-78.711264,2415347
6859081655,,,45.634733,-78.720339,180991133
6859081656,,,45.620712,-78.712774,2415347
6859081658,,,45.903849,-78.869548,931721
6859081660,,,45.630187,-78.719695,2415090
6859081664,,,45.634708,-78.723255,180991133
6859081666,,,45.714137,-78.767461,1180411
6859081667,,,45.776652,-78.802164,104187645
6859081668,,,45.639525,-78.727411,2415090
6859081669,,,45.631076,-78.722894,2415090
6859081671,,,45.633847,-78.725604,180991133
6859081674,,,45.640449,-78.730196,2415090
6859081676,,,45.631536,-78.725424,2415090
6859081677,,,45.631735,-78.725532,2415090
6859081680,,,45.892867,-78.871928,59847283
6859081681,,,45.635006,-78.730904,2415090
6859081682,,,45.633032,-78.73004,2415090
6859081683,,,45.633231,-78.731559,2415090
6859081684,,,45.626706,-78.728095,2415090
6859081685,,,45.675624,-78.755012,1180935
6859081686,,,45.638716,-78.735214,2415090
6859081687,,,45.638257,-78.736916,2415090
6859081688,,,45.628921,-78.73202,2415090
6859081689,,,45.677772,-78.758905,1180935
6859081692,,,45.632768,-78.735537,2415090
6859081694,,,45.67893,-78.761387,1180935
6859081696,,,45.634462,-78.737441,2415090
6859081698,,,45.629702,-78.736461,2415090
6859081699,,,45.67086,-78.759131,1180935
6859081701,,,45.62629,-78.735569,2415090
6859081703,,,45.673696,-78.761881,1180935
6859081704,,,45.6233,-78.734799,2415090
6859081705,,,45.679781,-78.766415,1180935
6859081708,,,45.673936,-78.764944,1180935
6859081710,,,45.670635,-78.763351,1180935
6859081711,,,45.606081,-78.728519,2413882
6859081712,,,45.682133,-78.770964,1180935
6859081713,,,45.676318,-78.768532,1180935
6859081714,,,45.667595,-78.76418,1180935
6859081715,,,45.707512,-78.787511,1180411
6859081716,,,45.881287,-78.883941,1152504908
6859081717,,,45.665121,-78.764885,1180935
6859081718,,,45.584054,-78.720586,2411957
6859081719,,,45.680255,-78.773409,1180935
6859081720,,,45.581743,-78.720406,2411957
6859081721,,,45.676368,-78.772578,1180935
6859081724,,,45.66405,-78.766035,1180935
6859081725,,,45.88075,-78.88564,59672245
6859081729,,,45.676521,-78.776246,1180935
6859081730,,,45.703303,-78.791827,1180411
6859081731,,,45.772338,-78.830583,104187168
6859081732,,,45.877341,-78.888536,59672245
6859081733,,,45.662254,-78.770152,1180935
6859081735,,,45.664141,-78.771622,1180935
6859081739,,,45.768054,-78.829527,104187168
6859081741,,,45.676199,-78.779978,1180935
6859081742,,,45.921526,-78.915631,-531
6859081743,,,45.935486,-78.924028,1951871
6859081744,,,45.6684,-78.777,1180935
6859081745,,,45.940287,-78.927129,1951871
6859081746,,,45.579401,-78.72942,2411726
6859081747,,,45.67121,-78.779846,1180935
6859081748,,,45.666676,-78.777465,1180935
6859081750,,,45.938077,-78.928494,1951871
6859081751,,,45.691917,-78.793392,1180932
6859081754,,,45.864485,-78.889602,-777
6859081757,,,45.703568,-78.803263,1180411
6859081761,,,45.884214,-78.904559,104347857
6859081765,,,45.687381,-78.796657,1180932
6859081766,,,45.684969,-78.79544,1180932
6859081768,,,45.715888,-78.815158,77849502
6859081769,,,45.702125,-78.808374,1180411
6859081770,,,45.681346,-78.797577,1180932
6859081772,,,45.882764,-78.909647,104347857
6859081774,,,45.720318,-78.820749,77849502
6859081775,,,45.701266,-78.810375,1180411
6859081778,,,45.702994,-78.811869,1180411
6859081779,,,45.607444,-78.760279,1182111
6859081782,,,45.677999,-78.79954,1180932
6859081783,,,45.69566,-78.810552,1180411
6859081784,,,45.935919,-78.944146,1951871
6859081785,,,45.939497,-78.946133,1951871
6859081786,,,45.685398,-78.806539,1180932
6859081788,,,45.716735,-78.824429,77849502
6859081789,,,45.610244,-78.766261,1182111
6859081791,,,45.585815,-78.754395,78028908
6859081794,,,45.939991,-78.95023,1951871
6859081795,,,45.935662,-78.948482,1951871
6859081797,,,45.698615,-78.817936,1180411
6859081801,,,45.937579,-78.952386,1951871
6859081802,,,45.696588,-78.820082,1180411
6859081803,,,45.616844,-78.776496,1182111
6859081804,,,45.941195,-78.955923,1951871
6859081806,,,45.938512,-78.955417,1951871
6859081809,,,45.69881,-78.8242,1180411
6859081812,,,45.621173,-78.782451,1182111
6859081815,,,45.699752,-78.827256,1180411
6859081816,,,45.880102,-78.926829,104347857
6859081819,,,45.622692,-78.786974,1182111
6859081820,,,45.94052,-78.962649,1951871
6859081823,,,45.700566,-78.83129,1180411
6859081834,,,45.695513,-78.833904,1180411
6859081835,,,45.730895,-78.854592,-623
6859081837,,,45.689878,-78.832797,1180411
6859081839,,,45.872396,-78.935322,104347857
6859081842,,,45.856893,-78.928693,104347856
6859081844,,,45.63504,-78.807209,1180931
6859081850,,,45.87199,-78.940769,104347857
6859081853,,,45.854101,-78.932817,104347856
6859081856,,,45.562074,-78.772391,1182112
6859081859,,,45.843388,-78.932988,-777
6859081862,,,45.803716,-78.915166,104219933
6859081863,,,45.81344,-78.921745,104347818
6859081865,,,45.814064,-78.923943,104347818
6859081873,,,45.75564,-78.89632,1475590
6859081879,,,45.721922,-78.881295,77849493
6859081880,,,45.715375,-78.877901,77849493
6859081881,,,45.826884,-78.940198,-777
6859081883,,,45.710719,-78.87653,77849493
6859081884,,,45.712881,-78.877831,77849493
6859081885,,,45.716729,-78.880497,77849493
6859081886,,,45.720048,-78.882872,77849493
6859081887,,,45.718166,-78.881943,77849493
6859081888,,,45.753664,-78.90165,1475590
6859081889,,,45.711783,-78.879074,77849493
6859081890,,,45.713893,-78.880564,77849493
6859081891,,,45.753091,-78.90264,1475590
6859081892,,,45.694217,-78.870801,975803943
6859081893,,,45.725699,-78.888166,1183599
6859081894,,,45.712606,-78.881377,77849493
6859081895,,,45.708737,-78.879351,77849493
6859081898,,,45.719485,-78.887831,1183599
6859081901,,,45.711175,-78.88385,77849493
6859081903,,,45.724292,-78.891958,1183599
6859081904,,,45.764938,-78.914465,15577464
6859081905,,,45.720538,-78.891192,1183599
6859081908,,,45.614411,-78.835015,1182110
6859081911,,,45.603854,-78.830733,-676
6859081912,,,45.721987,-78.89569,1183599
6859081914,,,45.767834,-78.921879,15577464
6859081917,,,45.720957,-78.898929,1183599
6859081918,,,45.75583,-78.918412,15577464
6859081920,,,45.657177,-78.865533,77890745
6859081923,,,45.717264,-78.899065,1183599
6859081924,,,45.798274,-78.944838,-777
6859081926,,,45.719686,-78.902561,1183599
6859081927,,,45.716438,-78.901155,1183599
6859081929,,,45.76236,-78.928338,15577464
6859081930,,,45.71536,-78.903746,1183599
6859081931,,,45.716395,-78.904241,1183599
6859081935,,,45.759208,-78.928445,15577464
6859081938,Brown,,45.608616,-78.848543,77890622
6859081939,,,45.712888,-78.906221,1183599
6859081940,,,45.756621,-78.930696,15577464
6859081949,,,45.574723,-78.837079,78026996
6859081956,,,45.660777,-78.894425,78133297
6859081957,,,45.661765,-78.895839,78133297
6859081958,,,45.660626,-78.89695,78133297
6859081959,,,45.663542,-78.898558,78133297
6859081960,,,45.653407,-78.893512,78133321
6859081962,,,45.662583,-78.899007,78133297
6859081966,,,45.652878,-78.896588,78133321
6859081967,,,45.6489,-78.895807,78133321
6859081968,,,45.659569,-78.901691,78133297
6859081972,,,45.629612,-78.886589,2998018
6859081973,,,45.707147,-78.929371,2990353
6859081977,,,45.624064,-78.884293,2998018
6859081980,,,45.645841,-78.897815,78133321
6859081981,Islet #1,,45.621615,-78.884899,2998018
6859081984,,,45.699347,-78.929194,2990353
6859081989,,,45.619286,-78.887307,2998018
6859081990,,,45.906163,-79.046392,59646780
6859081992,,,45.699046,-78.932834,2990353
6859081993,,,45.70375,-78.935434,2990353
6859081994,,,45.643677,-78.902705,78133321
6859081995,,,45.933619,-79.063777,2997921
6859081997,,,45.700125,-78.934191,2990353
6859081998,,,45.6168,-78.888327,2998018
6859081999,,,45.620086,-78.890319,2998018
6859082000,,,45.645033,-78.903887,78133321
6859082001,,,45.6171,-78.889469,2998018
6859082002,,,45.693104,-78.932269,2990353
6859082003,,,45.695066,-78.933462,2990353
6859082004,,,45.697558,-78.934948,2990353
6859082007,,,45.718964,-78.947326,78168527
6859082008,,,45.939412,-79.069961,2997921
6859082009,,,45.697842,-78.935866,2990353
6859082010,,,45.938577,-79.069894,2997921
6859082011,,,45.702621,-78.939595,2990353
6859082012,,,45.938816,-79.071158,2997921
6859082013,,,45.939331,-79.071665,2997921
6859082014,,,45.716411,-78.948308,78168527
6859082015,,,45.702175,-78.941523,2990353
6859082016,,,45.639611,-78.907306,1183276
6859082018,,,45.636881,-78.907539,1183276
6859082021,,,45.903006,-79.055777,59646780
6859082022,,,45.638985,-78.909894,1183276
6859082023,,,45.917291,-79.064944,59847797
6859082025,,,45.690769,-78.940874,2990353
6859082026,,,45.93966,-79.079722,2997921
6859082030,,,45.710327,-78.953319,1183601
6859082032,,,45.633682,-78.911748,1183276
6859082033,,,45.70816,-78.952882,1183601
6859082034,,,45.6301,-78.911719,1183276
6859082035,,,45.556114,-78.870551,78032839
6859082036,,,45.688642,-78.943939,2990353
6859082037,,,45.781987,-78.995625,-777
6859082038,,,45.907784,-79.067948,59877991
6859082039,,,45.697168,-78.951439,2990353
6859082040,,,45.913791,-79.0725,59847797
6859082041,,,45.627913,-78.914758,1183276
6859082043,,,45.671728,-78.93916,1183277
6859082044,,,45.904874,-79.068838,59877991
6859082046,,,45.933361,-79.084952,2997921
6859082048,,,45.670756,-78.94134,1183277
6859082049,,,45.697192,-78.955953,2990353
6859082051,,,45.629117,-78.918463,1183276
6859082052,,,45.626088,-78.917552,1183276
6859082054,,,45.693954,-78.95525,2990353
6859082055,,,45.934887,-79.090038,2997921
6859082056,,,45.631929,-78.92186,1183276
6859082060,,,45.922007,-79.084081,143849282
6859082061,,,45.814564,-79.024396,-535
6859082062,,,45.691136,-78.956084,2990353
6859082063,,,45.886652,-79.064906,920339
6859082064,,,45.886296,-79.064816,920339
6859082065,,,45.934059,-79.091696,2997921
6859082066,,,45.663832,-78.941863,1183277
6859082067,,,45.662548,-78.941262,1183277
6859082068,,,45.627205,-78.92186,1183276
6859082070,,,45.690516,-78.957807,2990353
6859082074,,,45.780474,-79.009219,-777
6859082075,,,45.625467,-78.924051,1183276
6859082077,,,45.934114,-79.095735,2997921
6859082080,,,45.684424,-78.958353,2990353
6859082082,,,45.732193,-78.985337,78168689
6859082083,,,45.660551,-78.94581,1183277
6859082084,,,45.579636,-78.902045,2998117
6859082085,,,45.640269,-78.935479,1183283
6859082086,,,45.889204,-79.073757,920339
6859082089,,,45.575598,-78.900363,2998117
6859082091,,,45.584187,-78.905203,2998117
6859082092,,,45.68733,-78.962244,2990353
6859082094,,,45.624257,-78.927946,1183276
6859082096,,,45.639163,-78.937203,1183283
6859082097,,,45.6224,-78.928332,1183276
6859082098,,,45.88856,-79.076128,920339
6859082102,,,45.582602,-78.908236,2998117
6859082103,,,45.823179,-79.042332,-535
6859082104,,,45.557123,-78.895372,2998117
6859082105,,,45.639249,-78.940815,1183283
6859082106,,,45.57111,-78.903425,2998117
6859082107,,,45.572634,-78.904264,2998117
6859082108,,,45.936138,-79.106951,2997921
6859082111,,,45.933976,-79.106139,2997921
6859082112,,,45.567301,-78.905667,2998117
6859082113,,,45.886358,-79.082547,920339
6859082114,,,45.87995,-79.079192,920339
6859082117,,,45.65447,-78.954732,1183277
6859082119,,,45.73932,-79.001966,78168493
6859082121,,,45.65226,-78.955575,1183277
6859082125,,,45.547702,-78.901817,2998117
6859082127,,,45.753368,-79.017341,2990354
6859082128,,,45.757894,-79.020006,2990354
6859082130,,,45.671147,-78.973844,78133087
6859082131,,,45.877825,-79.089257,920339
6859082133,,,45.753476,-79.020277,2990354
6859082134,,,45.8332,-79.064931,59681268
6859082135,,,45.674859,-78.977854,78133087
6859082136,,,45.881238,-79.09269,920339
6859082137,,,45.882289,-79.094151,920339
6859082141,,,45.751641,-79.023943,2990354
6859082142,,,45.673831,-78.981634,78133087
6859082143,,,45.80179,-79.053993,105783364
6859082146,,,45.801227,-79.054661,105783364
6859082148,,,45.608505,-78.948818,1183276
6859082150,,,45.873569,-79.096494,1505916
6859082151,,,45.754152,-79.03013,2990354
6859082153,,,45.668001,-78.983736,78133087
6859082154,,,45.847534,-79.083722,-535
6859082156,,,45.64895,-78.977002,1183275
6859082157,,,45.668095,-78.987593,1183279
6859082158,,,45.871474,-79.101114,1505916
6859082160,,,45.665996,-78.987786,1183279
6859082161,,,45.750636,-79.034932,2990354
6859082162,,,45.759311,-79.039751,105783321
6859082163,,,45.7582,-79.039352,105783321
6859082164,,,45.604126,-78.954082,1183276
6859082165,,,45.797146,-79.062097,105783364
6859082168,,,45.800564,-79.06607,105783456
6859082169,,,45.662626,-78.990329,1183279
6859082170,,,45.870515,-79.10604,1505916
6859082171,,,45.66035,-78.98975,1183279
6859082172,,,45.868288,-79.10862,1505916
6859082176,,,45.775819,-79.059582,105783288
6859082184,,,45.770712,-79.071265,105783288
6859082185,,,45.77177,-79.075778,105783288
9033348751,,,45.732832,-78.793857,-623
10710040845,,,45.597307,-78.774805,1182113
10710040846,,,45.598448,-78.775599,1182113
10711009088,Rain #2,,45.618068,-78.930786,1183276
10711009089,Rain #1,,45.617514,-78.934853,1183276
13022685801,Brown #2,,45.606737,-78.851299,77890622
14116070902,Islet #4,,45.634838,-78.877005,2998018
14116070903,Islet #3,,45.632585,-78.879769,2998018
14116090101,,,45.603931,-78.953016,1183276
14116090102,,,45.603577,-78.953347,1183276
14116090301,Islet #2,,45.628282,-78.883876,2998018
14116090302,Emergency Site,,45.614536,-78.882402,2998018
14116090303,Weed #1,,45.610258,-78.885776,78046626
14116090401,Emergency Site,,45.573367,-78.860785,1182114
14116128905,Ishkuday #1,,45.630735,-78.871295,77890630
14117727258,Brown #1,,45.608877,-78.854255,77890622
884465237,Pog Lake Campground,,45.568753,-78.438916,-981
884465337,Whitefish Lake Group Campground,,45.563102,-78.442609,2214853
1350637659,,,45.64239,-78.642809,2415716
1350637673,,,45.656355,-78.657465,2415716
2407214638,,,45.594041,-78.611322,2221711
2407228155,,,45.700387,-78.595285,2423130
2407228157,,,45.70554,-78.603281,2423130
2407228158,,,45.708533,-78.589942,2423130
2407228159,,,45.709091,-78.579621,2423130
2407228160,,,45.709694,-78.587711,2423130
2441740732,,,45.727394,-78.663776,6462741
2622893749,Camp Pathfinder,,45.564628,-78.643777,2315488
2622893750,,,45.616157,-78.606586,2221713
3144508381,,,45.541566,-78.611162,2216559
3144508383,,,45.542862,-78.616108,2216559
3144508385,,,45.544549,-78.635779,2216559
4361069422,,,45.610282,-78.687034,181009976
4361069423,,,45.617277,-78.684566,2415686
4361069424,,,45.623256,-78.674742,2415716
4361069425,,,45.623265,-78.673537,2415716
4361069426,,,45.626116,-78.673816,2415716
4361069427,,,45.624995,-78.668243,2415716
4361069428,,,45.625536,-78.66623,2415716
4361069429,,,45.636403,-78.657826,2415716
4361069430,,,45.636376,-78.655646,2415716
4361069431,,,45.633258,-78.653517,2415716
4361069432,,,45.628427,-78.657637,2415716
4361069433,,,45.629963,-78.652091,2415716
5634871457,,,45.645513,-78.190039,1186076
5640023235,,,45.646479,-78.196311,1186076
6025626184,,,45.66358,-78.688864,1154075
6025640777,,,45.75896,-78.657337,6462738
6025646485,,,45.767174,-78.65508,6462738
6025646486,,,45.76772,-78.653221,6462738
6859080636,,,45.892201,-78.202179,160652679
6859080650,,,45.885448,-78.21256,6529634
6859080663,,,45.831412,-78.191558,1155573
6859080673,,,45.875207,-78.225513,6529634
6859080674,,,45.885717,-78.231731,6529634
6859080686,,,45.862974,-78.230493,6529634
6859080688,,,45.846095,-78.223062,6529634
6859080689,,,45.843791,-78.222648,6529634
6859080690,,,45.866296,-78.234662,6529634
6859080693,,,45.863704,-78.236042,6529634
6859080694,,,45.82042,-78.213834,161484740
6859080697,,,45.877449,-78.245931,6529634
6859080698,,,45.884577,-78.250469,6529634
6859080699,,,45.875625,-78.246216,6529634
6859080701,,,45.806955,-78.214112,2163081
6859080703,,,45.83407,-78.225513,6529634
6859080705,,,45.80391,-78.209441,2163081
6859080706,,,45.784025,-78.199058,2163081
6859080712,,,45.795423,-78.207366,2163081
6859080715,,,45.825936,-78.224906,6529634
6859080716,,,45.775456,-78.19866,2163081
6859080718,,,45.8259,-78.226061,6529634
6859080720,,,45.787781,-78.209002,2163081
6859080722,,,45.788415,-78.214661,2163081
6859080723,,,45.89279,-78.271384,6529634
6859080725,,,45.786619,-78.215429,2163081
6859080726,,,45.861703,-78.256093,6529634
6859080733,,,45.733424,-78.193199,1186099
6859080735,,,45.780203,-78.219895,2163081
6859080739,,,45.867003,-78.281412,6529634
6859080740,,,45.869361,-78.283123,6529634
6859080741,,,45.868661,-78.284049,6529634
6859080743,,,45.867945,-78.286668,6529634
6859080745,,,45.867305,-78.28685,6529634
6859080748,,,45.857436,-78.285151,6529634
6859080758,,,45.666053,-78.193506,1186076
6859080759,,,45.665179,-78.193201,1186076
6859080762,,,45.854214,-78.296778,6529634
6859080767,,,45.85226,-78.30159,6529634
6859080768,,,45.65093,-78.197227,1186076
6859080769,,,45.646895,-78.195932,1186076
6859080774,,,45.854688,-78.323453,6529634
6859080775,,,45.607129,-78.193472,78423846
6859080777,,,45.64893,-78.217973,78412622
6859080781,,,45.761525,-78.286318,2148691
6859080782,,,45.65496,-78.230199,13927973
6859080785,,,45.92463,-78.379658,-1117
6859080793,,,45.625247,-78.222563,78412660
6859080794,,,45.636677,-78.230437,78412487
6859080795,,,45.727531,-78.280771,2974045
6859080796,,,45.925862,-78.388495,78631323
6859080798,,,45.625881,-78.229615,78412660
6859080800,,,45.738985,-78.291724,2974045
6859080801,,,45.737663,-78.291553,2974045
6859080802,,,45.740785,-78.294106,2974045
6859080803,,,45.709486,-78.278085,2974045
6859080804,,,45.735534,-78.292139,2974045
6859080805,,,45.634207,-78.237767,78412487
6859080806,,,45.708273,-78.278081,2974045
6859080808,,,45.744469,-78.298264,2974045
6859080809,,,45.745663,-78.299777,2974045
6859080810,,,45.613459,-78.228671,78423768
6859080811,,,45.717199,-78.284522,2974045
6859080812,,,45.922284,-78.395696,78631323
6859080814,,,45.730555,-78.292751,2974045
6859080815,,,45.741425,-78.298573,2974045
6859080816,,,45.734334,-78.294883,2974045
6859080817,,,45.746906,-78.301967,160624908
6859080819,,,45.74766,-78.303134,160624908
6859080821,,,45.72777,-78.293413,2974045
6859080822,,,45.924904,-78.401586,78631323
6859080823,,,45.725449,-78.293864,2974045
6859080825,,,45.718787,-78.293753,2974045
6859080827,,,45.868092,-78.377134,2408816
6859080828,,,45.922182,-78.408708,78631323
6859080829,,,45.7402,-78.312351,2974045
6859080833,,,45.741517,-78.319451,2974045
6859080834,,,45.742264,-78.320071,2974045
6859080835,,,45.726736,-78.315044,2974045
6859080837,,,45.744236,-78.327538,2974045
6859080839,,,45.761083,-78.341191,2974045
6859080842,,,45.749887,-78.343598,2974045
6859080847,,,45.72285,-78.332574,2974045
6859080848,,,45.720846,-78.332693,2974045
6859080849,,,45.720246,-78.332629,2974045
6859080854,,,45.752924,-78.35912,2974045
6859080861,,,45.785731,-78.380602,2409751
6859080863,,,45.780337,-78.379742,2974105
6859080866,,,45.754699,-78.368998,2974045
6859080868,,,45.710862,-78.352583,2974045
6859080870,Big Crow Lake – Site 3,,45.830286,-78.420001,2409417
6859080871,,,45.832411,-78.421156,2409417
6859080872,,,45.832892,-78.421635,2409417
6859080873,,,45.733541,-78.368284,2974045
6859080876,,,45.82291,-78.417733,2409417
6859080877,,,45.682804,-78.341924,2974045
6859080878,,,45.709392,-78.356517,2974045
6859080880,,,45.781033,-78.396725,2974105
6859080881,,,45.730958,-78.370292,2974045
6859080882,,,45.898068,-78.461238,3379405
6859080883,,,45.782714,-78.398844,2974105
6859080885,,,45.778099,-78.399056,2974105
6859080887,,,45.776402,-78.399438,2974105
6859080888,,,45.681341,-78.349155,2974045
6859080889,,,45.78553,-78.405695,2974105
6859080890,,,45.891195,-78.463099,3379405
6859080891,,,45.703812,-78.36395,2974045
6859080892,,,45.786453,-78.408802,2974105
6859080893,,,45.702548,-78.363985,2974045
6859080894,,,45.778066,-78.404903,2974105
6859080895,,,45.789132,-78.411017,2974105
6859080896,,,45.826162,-78.431242,2409417
6859080897,,,45.701144,-78.363551,2974045
6859080899,,,45.699348,-78.363447,2974045
6859080900,,,45.841718,-78.442596,2409417
6859080902,,,45.702271,-78.367303,2974045
6859080903,,,45.773339,-78.406683,2974105
6859080904,,,45.888492,-78.469436,3379405
6859080906,,,45.678665,-78.355514,2974045
6859080907,,,45.676575,-78.357093,2974045
6859080908,,,45.704729,-78.372392,2974045
6859080909,,,45.677989,-78.358734,2974045
6859080910,,,45.89421,-78.476338,3379405
6859080911,,,45.766436,-78.407499,2974105
6859080912,,,45.670258,-78.35628,2974045
6859080913,,,45.702003,-78.373851,2974045
6859080915,,,45.828289,-78.442401,2409417
6859080916,,,45.668071,-78.356506,2974045
6859080917,,,45.675411,-78.360676,2974045
6859080918,,,45.826741,-78.443081,2409417
6859080920,,,45.885141,-78.475858,3379405
6859080921,,,45.664438,-78.356168,2974045
6859080922,,,45.701859,-78.376406,2974045
6859080923,,,45.743685,-78.399611,2974045
6859080924,,,45.735931,-78.395624,2974045
6859080925,,,45.821613,-78.442359,2409417
6859080926,,,45.66598,-78.358086,2974045
6859080927,,,45.734967,-78.395536,2974045
6859080928,,,45.663436,-78.358227,2974045
6859080929,,,45.736581,-78.398039,2974045
6859080931,,,45.840089,-78.454911,2409417
6859080932,,,45.742157,-78.401931,2974045
6859080933,,,45.737207,-78.399456,2974045
6859080934,,,45.739052,-78.400464,2974045
6859080936,,,45.74732,-78.405756,2974045
6859080938,,,45.72401,-78.395024,2974045
6859080939,,,45.559585,-78.307305,1152934
6859080941,,,45.687484,-78.378316,2974045
6859080942,,,45.684941,-78.377118,2974045
6859080943,,,45.718406,-78.395242,2974045
6859080944,,,45.81408,-78.447829,2409418
6859080945,,,45.816578,-78.449296,180569520
6859080946,,,45.68308,-78.377037,2974045
6859080948,,,45.814801,-78.448547,2409418
6859080949,,,45.752306,-78.41605,2974045
6859080950,,,45.636978,-78.355739,2974045
6859080954,,,45.690226,-78.386051,2974045
6859080955,,,45.755248,-78.421351,2974045
6859080956,,,45.753378,-78.42061,2974045
6859080958,,,45.658202,-78.369206,2974045
6859080959,,,45.689711,-78.38686,2974045
6859080960,,,45.637411,-78.358682,2974045
6859080963,,,45.638479,-78.360667,2974045
6859080964,,,45.680476,-78.383581,2974045
6859080965,,,45.6706,-78.378479,2974045
6859080967,,,45.548424,-78.313296,1152934
6859080971,,,45.655195,-78.372087,2974045
6859080972,,,45.661206,-78.375771,2974045
6859080974,,,45.545156,-78.313591,1152934
6859080975,,,45.651009,-78.37069,2974045
6859080976,,,45.653707,-78.372257,2974045
6859080977,,,45.680299,-78.386651,2974045
6859080978,,,45.666649,-78.379608,2974045
6859080979,,,45.63979,-78.365167,2974045
6859080980,,,45.752727,-78.42648,2974045
6859080981,,,45.663631,-78.379073,2974045
6859080983,,,45.665965,-78.38073,2974045
6859080984,,,45.739176,-78.421155,2974045
6859080985,,,45.641719,-78.368484,2974045
6859080986,,,45.659546,-78.378282,2974045
6859080987,,,45.752127,-78.428721,2974045
6859080988,,,45.675444,-78.387929,2974045
6859080989,,,45.731818,-78.418249,2974045
6859080991,,,45.645086,-78.371821,2974045
6859080992,,,45.674098,-78.3878,2974045
6859080993,,,45.736157,-78.421362,2974045
6859080996,,,45.66248,-78.382167,2974045
6859080997,,,45.643281,-78.372038,2974045
6859080998,,,45.751308,-78.430806,2974045
6859081000,,,45.707374,-78.407911,2974045
6859081002,,,45.656978,-78.381126,2974045
6859081004,,,45.627658,-78.365651,2974045
6859081005,,,45.751255,-78.432596,2974045
6859081008,,,45.646121,-78.376883,2974045
6859081010,,,45.751621,-78.435509,2974045
6859081011,,,45.645543,-78.378677,2974045
6859081012,,,45.870891,-78.501167,3379405
6859081013,,,45.745672,-78.433458,2974045
6859081015,,,45.719441,-78.419617,2974045
6859081016,,,45.643605,-78.378821,2974045
6859081018,,,45.640581,-78.377747,2974045
6859081019,,,45.777351,-78.452202,2409748
6859081020,,,45.868031,-78.501546,3379405
6859081022,,,45.65506,-78.387251,2974045
6859081025,,,45.637255,-78.378422,2974045
6859081027,,,45.654064,-78.387939,2974045
6859081031,,,45.653327,-78.3893,2974045
6859081033,,,45.73591,-78.434579,2974045
6859081034,,,45.651983,-78.389313,2974045
6859081038,,,45.76698,-78.453192,2409748
6859081046,,,45.85983,-78.506648,3379405
6859081049,,,45.934833,-78.548467,2973184
6859081051,,,45.929426,-78.546408,2973184
6859081053,,,45.731774,-78.440046,2974045
6859081054,,,45.860276,-78.509827,3379405
6859081055,,,45.568589,-78.351771,1151865
6859081057,,,45.565899,-78.351441,1151865
6859081058,,,45.932939,-78.551021,2973184
6859081061,,,45.731699,-78.4427,2974045
6859081062,,,45.929041,-78.550524,2973184
6859081064,,,45.732182,-78.443985,2974045
6859081066,,,45.856096,-78.513531,3379405
6859081068,,,45.736626,-78.448825,2974045
6859081070,,,45.772356,-78.469259,2409748
6859081071,,,45.922356,-78.552326,2973184
6859081074,,,45.767725,-78.46924,2409748
6859081077,,,45.919247,-78.552467,2973184
6859081080,,,45.92638,-78.556803,2973184
6859081082,,,45.576672,-78.367126,74891615
6859081083,,,45.602666,-78.381925,74887966
6859081084,,,45.604625,-78.383416,74887966
6859081085,,,45.76882,-78.472551,2409748
6859081087,,,45.73044,-78.452713,2974045
6859081090,,,45.605874,-78.386073,74887966
6859081096,,,45.725051,-78.453107,2974045
6859081099,,,45.604036,-78.389053,74887966
6859081103,,,45.572899,-78.373312,74891615
6859081108,,,45.908827,-78.558751,2973187
6859081109,,,45.602813,-78.392506,74887966
6859081111,,,45.891241,-78.550556,104082338
6859081112,,,45.767178,-78.483282,2409748
6859081113,,,45.892948,-78.552141,104082338
6859081118,,,45.764008,-78.484055,2409748
6859081123,,,45.931264,-78.579844,2973185
6859081124,,,45.596892,-78.399049,1151256
6859081125,,,45.939649,-78.586613,2973185
6859081126,,,45.744532,-78.482693,1180401
6859081128,,,45.597501,-78.404467,1151256
6859081129,,,45.59628,-78.403915,1151256
6859081131,,,45.90656,-78.573672,104082151
6859081140,,,45.751283,-78.492447,1180401
6859081143,,,45.752572,-78.494452,1180401
6859081147,,,45.656718,-78.444879,75032570
6859081148,,,45.907799,-78.581709,976161222
6859081150,,,45.736403,-78.489239,1180401
6859081151,,,45.88473,-78.572686,104082092
6859081153,,,45.593396,-78.418162,166308000
6859081154,,,45.74821,-78.502152,1180401
6859081155,,,45.742671,-78.500117,1180401
6859081156,,,45.746028,-78.50292,1180401
6859081158,,,45.745899,-78.50426,1180401
6859081159,,,45.760153,-78.512668,104081114
6859081160,,,45.902486,-78.591077,976161226
6859081162,,,45.768757,-78.519741,1474420
6859081164,,,45.629258,-78.444406,75032643
6859081165,,,45.750233,-78.510526,1180401
6859081167,,,45.753248,-78.51347,1180401
6859081171,,,45.914007,-78.603186,104082204
6859081173,,,45.765621,-78.522377,1474420
6859081175,,,45.75279,-78.516043,1180401
6859081178,,,45.644861,-78.458284,75032594
6859081181,,,45.784156,-78.534973,1474420
6859081185,,,45.640133,-78.460055,75032594
6859081188,,,45.753048,-78.524761,1180401
6859081189,,,45.840784,-78.572935,6529609
6859081190,,,45.89097,-78.601396,976161230
6859081191,,,45.754226,-78.527466,1180401
6859081192,,,45.782611,-78.543039,1474420
6859081196,,,45.548836,-78.419709,2214853
6859081197,,,45.547106,-78.419639,2214853
6859081198,,,45.769773,-78.540713,1474420
6859081199,,,45.7768,-78.544869,1474420
6859081201,,,45.926131,-78.626713,1474988
6859081202,,,45.772517,-78.542969,1474420
6859081203,,,45.834696,-78.577223,6529609
6859081215,,,45.760249,-78.53965,1474420
6859081222,,,45.622031,-78.465517,74894335
6859081229,,,45.921421,-78.629252,1474988
6859081230,,,45.543617,-78.424459,2214853
6859081234,,,45.885641,-78.613788,13125165
6859081250,,,45.901249,-78.639545,104140483
6859081252,,,45.817706,-78.597125,6529609
6859081254,,,45.82137,-78.608418,6529609
6859081256,,,45.820082,-78.610235,6529609
6859081261,,,45.821181,-78.613554,6529609
6859081263,,,45.81145,-78.610883,6529609
6859081266,,,45.886623,-78.656683,6463261
6859081267,,,45.885512,-78.657707,6463261
6859081269,,,45.811498,-78.619894,6529609
6859081270,,,45.887495,-78.661953,6463261
6859081274,,,45.766702,-78.598565,6462738
6859081276,,,45.761881,-78.598106,6462738
6859081277,,,45.758089,-78.596361,6462738
6859081282,,,45.762291,-78.60311,6462738
6859081283,,,45.82983,-78.640211,13125166
6859081284,,,45.879463,-78.668051,6463261
6859081286,,,45.878484,-78.670134,6463261
6859081287,,,45.847766,-78.653394,6463261
6859081288,,,45.898349,-78.681227,1474978
6859081289,,,45.830876,-78.644394,13125166
6859081291,,,45.714089,-78.580607,2423130
6859081298,,,45.849528,-78.657721,6463261
6859081299,,,45.881015,-78.675899,6463261
6859081301,,,45.846476,-78.656883,6463261
6859081302,,,45.894729,-78.68338,1474978
6859081304,,,45.768085,-78.614423,6462738
6859081305,,,45.763156,-78.612381,6462738
6859081306,,,45.854995,-78.662857,6463261
6859081309,,,45.762361,-78.613359,6462738
6859081310,,,45.834528,-78.653553,13125166
6859081312,,,45.870239,-78.673943,6463261
6859081314,,,45.860822,-78.669343,6463261
6859081315,,,45.743514,-78.605347,6462738
6859081318,,,45.869755,-78.675218,6463261
6859081320,,,45.760944,-78.6178,6462738
6859081321,,,45.744744,-78.609276,6462738
6859081322,,,45.760153,-78.617911,6462738
6859081324,,,45.853605,-78.67072,6463261
6859081325,,,45.763264,-78.621349,6462738
6859081327,,,45.709945,-78.592674,2423130
6859081328,,,45.744451,-78.611506,6462738
6859081329,,,45.826547,-78.656953,13125166
6859081331,,,45.747341,-78.614062,6462738
6859081333,,,45.829388,-78.659335,13125166
6859081336,,,45.871966,-78.683619,6463261
6859081337,,,45.747374,-78.617126,6462738
6859081338,,,45.827738,-78.66071,13125166
6859081342,,,45.86783,-78.682993,6463261
6859081343,,,45.753751,-78.621365,6462738
6859081352,,,45.848667,-78.676941,6463261
6859081353,,,45.705368,-78.598968,2423130
6859081356,,,45.853922,-78.681702,6463261
6859081359,,,45.768376,-78.635769,6462738
6859081360,,,45.854841,-78.683205,6463261
6859081362,,,45.69101,-78.594935,2973296
6859081363,,,45.758624,-78.63185,6462738
6859081364,,,45.684124,-78.591398,2973296
6859081366,,,45.686238,-78.592876,2973296
6859081368,,,45.777254,-78.643233,6462738
6859081372,,,45.755343,-78.632913,6462738
6859081376,,,45.705308,-78.606857,2423130
6859081379,,,45.755874,-78.635018,6462738
6859081382,,,45.68332,-78.596383,2973296
6859081385,,,45.684292,-78.598432,2973296
6859081387,,,45.757087,-78.638528,6462738
6859081388,,,45.756247,-78.638982,6462738
6859081390,,,45.681747,-78.598563,2973296
6859081391,,,45.67672,-78.596039,2973296
6859081392,,,45.749913,-78.636539,6462738
6859081397,,,45.779075,-78.653398,6462738
6859081398,,,45.78973,-78.659409,1474867
6859081399,,,45.787847,-78.658487,1474867
6859081400,,,45.777671,-78.653026,6462738
6859081402,,,45.693506,-78.607472,181688957
6859081403,,,45.678484,-78.599387,2973296
6859081404,,,45.759811,-78.644151,6462738
6859081405,,,45.7628,-78.645909,6462738
6859081407,,,45.67251,-78.598408,2973296
6859081408,,,45.760788,-78.647048,6462738
6859081411,,,45.776001,-78.656133,6462738
6859081413,,,45.676566,-78.602572,2973296
6859081415,,,45.803818,-78.672291,1474867
6859081417,,,45.760806,-78.650101,6462738
6859081425,,,45.660942,-78.598718,2415716
6859081431,,,45.762459,-78.655569,6462738
6859081433,,,45.627545,-78.582584,166665916
6859081439,,,45.664488,-78.607049,2415716
6859081450,,,45.655251,-78.606893,2415716
6859081452,,,45.753462,-78.662163,6462741
6859081453,,,45.667652,-78.61539,2415716
6859081454,,,45.668214,-78.61613,2415716
6859081457,,,45.669732,-78.618694,2415716
6859081459,,,45.672536,-78.621851,2415716
6859081460,,,45.775611,-78.679587,1474865
6859081465,,,45.650867,-78.612743,2415716
6859081468,,,45.661862,-78.61939,2415716
6859081472,,,45.75018,-78.669089,6462741
6859081479,,,45.659912,-78.622122,2415716
6859081480,,,45.615722,-78.599444,2221713
6859081481,,,45.660874,-78.624491,2415716
6859081486,,,45.584562,-78.585189,2163205
6859081490,,,45.582153,-78.584529,2163205
6859081492,,,45.732835,-78.667093,6462741
6859081493,,,45.585386,-78.586937,2163205
6859081494,,,45.658674,-78.627303,2415716
6859081495,,,45.655372,-78.625718,2415716
6859081497,,,45.579425,-78.584777,2163205
6859081498,,,45.580487,-78.585355,2163205
6859081500,,,45.575882,-78.582958,2163205
6859081501,,,45.577143,-78.583644,2163205
6859081502,,,45.57672,-78.583522,2163205
6859081506,,,45.574889,-78.583825,2163205
6859081507,,,45.73446,-78.671242,6462741
6859081509,,,45.581215,-78.588025,2163205
6859081510,,,45.737008,-78.673941,6462741
6859081511,,,45.583044,-78.589995,2163205
6859081512,,,45.652799,-78.628219,2415716
6859081513,,,45.735089,-78.673434,6462741
6859081514,,,45.646884,-78.625317,2415716
6859081515,,,45.717847,-78.664185,6462741
6859081516,,,45.609492,-78.605369,2221713
6859081517,,,45.573332,-78.586226,2163205
6859081518,,,45.726181,-78.670622,6462741
6859081519,,,45.745283,-78.68195,6462741
6859081520,,,45.611247,-78.609033,2221713
6859081522,,,45.647069,-78.630297,2415716
6859081523,,,45.578827,-78.594089,2163205
6859081524,,,45.716309,-78.669131,6462741
6859081527,,,45.576579,-78.594814,2163205
6859081528,,,45.57271,-78.593359,2163205
6859081530,,,45.573259,-78.595281,2163205
6859081531,,,45.651862,-78.638226,2415716
6859081532,,,45.715514,-78.674185,6462741
6859081533,,,45.653624,-78.640163,2415716
6859081538,,,45.640746,-78.63628,2415716
6859081540,,,45.653817,-78.644824,2415716
6859081542,,,45.58963,-78.612207,166184303
6859081543,,,45.647425,-78.644263,2415716
6859081546,,,45.643829,-78.643492,2415716
6859081547,,,45.65668,-78.651159,2415716
6859081548,,,45.637746,-78.640932,2415716
6859081553,,,45.657534,-78.65336,2415716
6859081554,,,45.657861,-78.654407,2415716
6859081556,,,45.708364,-78.685963,6462741
6859081559,,,45.638565,-78.648643,2415716
6859081560,,,45.637475,-78.650433,2415716
6859081561,,,45.604064,-78.633507,74163175
6859081562,,,45.642325,-78.655033,2415716
6859081563,,,45.645178,-78.65659,2415716
6859081564,,,45.633742,-78.650455,2415716
6859081565,,,45.603826,-78.634677,74163175
6859081566,,,45.639934,-78.656004,2415716
6859081568,,,45.637062,-78.655086,2415716
6859081569,,,45.641655,-78.657811,2415716
6859081570,,,45.643487,-78.65892,2415716
6859081573,,,45.599434,-78.638566,74163175
6859081576,,,45.642103,-78.662936,2415716
6859081578,,,45.543373,-78.61225,2216559
6859081581,,,45.638545,-78.66598,2415716
6859081582,,,45.637127,-78.665314,2415716
6859081584,,,45.641053,-78.668579,2415716
6859081586,,,45.595274,-78.645832,74714038
6859081590,,,45.631602,-78.669489,2415716
6859081591,,,45.662149,-78.686622,1154075
6859081593,,,45.577583,-78.643443,173382476
6859081594,,,45.589909,-78.651356,74714038
6859081628,,,45.61114,-78.688129,181009976
9064972492,,,45.560316,-78.501676,3378614
9064972493,,,45.564819,-78.476667,3378614
9064972494,,,45.564398,-78.478598,3378614
9064972495,,,45.562261,-78.486666,3378614
9064972496,,,45.561585,-78.489413,3378614
9064972515,,,45.549037,-78.511646,166122983
9064972519,,,45.556629,-78.499441,3378614
9064972520,,,45.556723,-78.501805,3378614
9064972551,,,45.559065,-78.503805,3378614
9064972583,,,45.560526,-78.493602,3378614
9064972584,,,45.562257,-78.494766,3378614
9064972585,,,45.562547,-78.496091,3378614
9064972586,,,45.560391,-78.498082,3378614
9064972587,,,45.560248,-78.500399,3378614
9064972588,,,45.559775,-78.502625,3378614
846595999,Kearney Lake Campground,,45.573685,-78.442351,2216552
846597817,Mew Lake Campground,,45.574113,-78.522195,9379352
846599584,Pog Lake Campground,,45.57011,-78.455236,2212857
979914847,Camp Tanamakoon,,45.543943,-78.626468,2216559
920236509,,,45.645329,-78.084602,3376431
920242096,,,45.634745,-78.086921,1186182
1208125712,Basin Lake Access Point (#19),,45.729653,-77.789963,1482915
1208855596,,,45.86641,-77.755932,1483831
4829734882,,,45.855354,-77.758332,1483831
5634873043,,,45.64672,-78.189394,1186076
5640022541,,,45.658025,-78.132193,3376430
6859080360,,,45.845147,-77.690423,105868221
6859080362,,,45.843619,-77.690413,105868221
6859080363,,,45.855936,-77.699682,105868484
6859080364,,,45.854004,-77.700632,105868484
6859080365,,,45.844899,-77.696387,105868221
6859080366,,,45.852808,-77.700992,105868484
6859080367,,,45.851809,-77.701099,105868484
6859080368,,,45.85101,-77.701276,105868484
6859080369,,,45.850389,-77.701234,105868484
6859080370,,,45.8485,-77.700616,105868484
6859080371,,,45.848805,-77.702001,105868484
6859080373,,,45.848236,-77.708307,105868484
6859080374,Stratton-05,,45.847909,-77.709866,105868484
6859080376,,,45.848384,-77.712717,105868484
6859080377,,,45.848913,-77.714188,105868484
6859080378,,,45.848051,-77.717523,105868484
6859080379,,,45.802272,-77.696909,105869927
6859080380,,,45.853547,-77.730828,105868484
6859080381,,,45.853875,-77.732193,105868484
6859080382,,,45.855447,-77.735192,105868484
6859080383,,,45.860628,-77.738584,1507034
6859080384,,,45.868072,-77.745233,105868625
6859080385,,,45.856899,-77.739535,105868484
6859080386,,,45.855572,-77.740566,105868484
6859080388,,,45.856067,-77.744511,105868484
6859080393,,,45.865143,-77.755385,1483831
6859080395,,,45.858436,-77.752916,1483831
6859080397,,,45.782712,-77.713572,105869878
6859080399,,,45.857867,-77.75424,1483831
6859080400,,,45.855157,-77.754958,1483831
6859080401,,,45.856609,-77.756174,1483831
6859080402,,,45.855919,-77.757416,1483831
6859080403,,,45.855195,-77.758592,1483831
6859080406,,,45.853035,-77.761732,1483831
6859080407,,,45.85295,-77.762555,1483831
6859080408,,,45.866394,-77.772369,1483831
6859080409,,,45.897564,-77.788722,1483841
6859080411,,,45.876651,-77.77969,1483831
6859080412,,,45.876522,-77.781356,1483831
6859080413,,,45.899987,-77.794427,1483841
6859080414,,,45.896569,-77.792857,1483841
6859080417,,,45.875315,-77.786894,1483831
6859080418,,,45.762284,-77.727397,1507075
6859080419,,,45.874953,-77.788003,1483831
6859080421,,,45.759773,-77.727153,1507075
6859080422,,,45.758496,-77.727992,1507075
6859080423,,,45.871423,-77.789057,1483831
6859080424,,,45.843736,-77.77668,1483831
6859080425,,,45.87421,-77.79292,1483831
6859080426,,,45.84402,-77.777759,1483831
6859080427,,,45.841406,-77.778383,1483831
6859080428,,,45.836587,-77.776282,1483831
6859080429,,,45.832724,-77.775507,104803232
6859080430,,,45.759718,-77.738479,1507075
6859080432,,,45.755999,-77.739975,1507075
6859080433,,,45.779577,-77.752438,1483651
6859080440,,,45.831744,-77.784058,1137099261
6859080442,,,45.827531,-77.786588,1137099261
6859080443,,,45.833281,-77.793321,1483826
6859080444,,,45.833873,-77.79549,1483826
6859080446,,,45.848534,-77.826222,1483827
6859080448,,,45.855254,-77.838797,104802922
6859080449,,,45.855998,-77.840602,104802922
6859080450,,,45.906264,-77.867344,1483831
6859080451,,,45.89756,-77.862927,1483831
6859080452,,,45.743338,-77.788219,1482915
6859080453,,,45.74169,-77.793403,1482915
6859080454,,,45.729668,-77.789529,1482915
6859080455,,,45.901354,-77.881895,1483831
6859080456,,,45.728997,-77.790363,1482915
6859080457,,,45.729668,-77.792448,1482915
6859080458,,,45.734729,-77.795126,1482915
6859080459,,,45.865046,-77.874048,21116144
6859080460,,,45.862771,-77.875223,21116144
6859080461,,,45.865759,-77.877139,21116144
6859080462,,,45.909768,-77.90113,1483774
6859080465,,,45.865277,-77.88133,21116144
6859080471,,,45.909391,-77.919497,1483774
6859080475,,,45.779938,-77.872357,104748372
6859080477,,,45.775316,-77.876724,104748372
6859080478,,,45.875059,-77.93027,6463262
6859080479,,,45.779501,-77.883064,104748372
6859080480,,,45.875903,-77.938969,6463262
6859080482,,,45.878627,-77.949757,6463262
6859080483,,,45.864314,-77.95058,104794552
6859080484,,,45.85976,-77.952056,104794552
6859080485,,,45.85888,-77.953105,104794552
6859080486,,,45.857785,-77.95469,104794552
6859080487,,,45.693909,-77.867804,3376458
6859080488,,,45.68288,-77.864766,3376458
6859080489,,,45.680609,-77.863886,3376458
6859080490,,,45.684398,-77.867085,3376458
6859080492,,,45.860288,-77.962698,104794552
6859080493,,,45.679218,-77.866608,3376458
6859080497,,,45.682279,-77.875799,3376458
6859080498,,,45.858065,-77.969829,104794552
6859080502,,,45.781807,-77.935313,104748434
6859080509,,,45.682027,-77.888099,482006162
6859080515,,,45.781275,-77.954206,104748327
6859080516,,,45.843219,-77.990292,78567890
6859080517,,,45.697365,-77.912683,1482896
6859080519,,,45.690774,-77.912965,1482896
6859080521,,,45.680234,-77.908339,1482896
6859080522,,,45.68328,-77.910606,1482896
6859080523,,,45.679476,-77.912694,1482896
6859080525,,,45.838404,-78.001049,78567890
6859080526,,,45.838086,-78.002635,78567890
6859080527,,,45.690833,-77.924353,1482896
6859080528,,,45.682117,-77.926965,1482896
6859080531,McKaskill Lake Starting Point 17A,Bonnechere Put-in,45.777977,-77.983198,-524
6859080534,,,45.728045,-77.980088,1482891
6859080535,,,45.724995,-77.981602,1482891
6859080538,,,45.698564,-77.976281,251662778
6859080539,,,45.700946,-77.980797,251662778
6859080540,,,45.930613,-78.104694,1187948
6859080541,,,45.931153,-78.105528,1187948
6859080542,,,45.930139,-78.108244,1187948
6859080543,,,45.700894,-77.98737,251662778
6859080546,,,45.700554,-77.988379,251662778
6859080549,,,45.829561,-78.059261,1187855
6859080550,,,45.835315,-78.062777,1187855
6859080551,,,45.82972,-78.060973,1187855
6859080552,,,45.826211,-78.061046,1187855
6859080554,,,45.688262,-77.991024,3376428
6859080555,,,45.688439,-77.993823,3376428
6859080557,,,45.689264,-77.995885,3376428
6859080560,,,45.682466,-77.998103,3376428
6859080561,,,45.682857,-78.000048,3376428
6859080562,,,45.675426,-78.001495,3376428
6859080564,,,45.849634,-78.099322,75364154
6859080565,,,45.849218,-78.09975,75364154
6859080566,,,45.84926,-78.099881,75364154
6859080567,,,45.849434,-78.100083,75364154
6859080569,,,45.720954,-78.032924,1186134
6859080570,,,45.723907,-78.036991,1186134
6859080572,,,45.715226,-78.033654,1186134
6859080573,,,45.844022,-78.103365,75364154
6859080574,,,45.84344,-78.103269,75364154
6859080576,,,45.725148,-78.041226,1186134
6859080577,,,45.838327,-78.101936,75364154
6859080578,,,45.729397,-78.043821,1186134
6859080579,,,45.72589,-78.046494,1186134
6859080580,,,45.920853,-78.153798,1187447
6859080581,,,45.92106,-78.154454,1187447
6859080582,,,45.8487,-78.116188,75364154
6859080583,,,45.744384,-78.062446,1186134
6859080584,,,45.828856,-78.116928,75364154
6859080585,,,45.745866,-78.072987,78414029
6859080587,,,45.934542,-78.175643,1187447
6859080588,,,45.746931,-78.076157,78414029
6859080590,,,45.841531,-78.127316,75364154
6859080592,,,45.912151,-78.167269,1155644
6859080593,,,45.91057,-78.169244,1155644
6859080596,,,45.910303,-78.17084,1155644
6859080610,,,45.701344,-78.073064,1186131
6859080613,,,45.899826,-78.183568,2148867
6859080616,,,45.899735,-78.185094,2148867
6859080619,,,45.899607,-78.186712,2148867
6859080623,,,45.685,-78.0833,1186190
6859080625,,,45.685001,-78.084981,1186190
6859080626,,,45.685921,-78.086064,1186190
6859080627,,,45.768249,-78.130166,75356040
6859080628,,,45.683875,-78.085187,1186190
6859080630,,,45.685862,-78.088305,1186190
6859080632,,,45.68627,-78.08993,1186190
6859080633,,,45.773442,-78.136963,75356040
6859080634,,,45.686469,-78.090902,1186190
6859080637,,,45.686694,-78.092646,1186190
6859080638,,,45.660365,-78.079109,78415083
6859080641,,,45.684449,-78.095124,1186190
6859080643,,,45.684989,-78.097685,1186190
6859080644,,,45.806847,-78.164018,1155532
6859080646,,,45.677424,-78.095586,3376432
6859080647,,,45.678256,-78.096463,3376432
6859080648,,,45.674706,-78.094673,3376432
6859080649,,,45.808084,-78.166528,1155532
6859080652,,,45.644271,-78.083485,3376431
6859080653,,,45.648029,-78.086791,3376429
6859080654,,,45.825502,-78.182161,1155573
6859080656,,,45.657539,-78.09447,3376429
6859080657,,,45.641702,-78.086329,3376429
6859080658,,,45.658005,-78.095584,3376429
6859080659,,,45.654172,-78.094292,3376429
6859080661,,,45.68537,-78.111524,3376432
6859080662,,,45.648245,-78.093178,3376429
6859080664,,,45.800415,-78.175433,1155532
6859080667,,,45.785121,-78.171547,2163081
6859080669,,,45.631925,-78.091949,1186182
6859080672,,,45.630254,-78.092512,1186182
6859080675,,,45.700129,-78.132418,3376432
6859080676,,,45.650996,-78.106759,3376430
6859080678,,,45.691641,-78.131225,3376432
6859080679,,,45.648775,-78.109899,3376430
6859080681,,,45.650221,-78.113052,3376430
6859080682,,,45.776899,-78.181445,2163081
6859080685,,,45.63663,-78.108485,78412595
6859080687,,,45.700548,-78.143794,3376432
6859080691,,,45.781191,-78.18907,2163081
6859080692,,,45.701062,-78.146451,3376432
6859080696,,,45.630918,-78.11289,78412595
6859080702,,,45.638082,-78.119966,78412595
6859080704,,,45.652665,-78.128184,3376430
6859080707,,,45.673249,-78.139985,1186079
6859080708,,,45.658172,-78.132125,3376430
6859080709,,,45.629421,-78.116846,78412595
6859080710,,,45.65887,-78.132886,3376430
6859080719,,,45.634905,-78.125402,78412595
6859080724,,,45.732043,-78.185194,1186099
6859080729,,,45.724353,-78.184421,1186099
6859080731,,,45.729181,-78.187991,1186099
6859080738,,,45.652456,-78.163074,1186076
6859080747,,,45.651293,-78.171941,1186076
6859080750,,,45.653185,-78.176853,1186076
6859080751,,,45.653965,-78.1792,1186076
6859080752,,,45.654636,-78.18142,1186076
6859080753,,,45.656214,-78.183782,1186076
6859080754,,,45.662339,-78.187089,1186076
6859080755,,,45.657061,-78.184886,1186076
6859080756,,,45.64659,-78.179699,1186076
6859080760,,,45.645282,-78.183218,1186076
6859080761,,,45.646436,-78.184595,1186076
6859080763,,,45.645663,-78.184938,1186076
6859080771,,,45.607682,-78.181032,78423846
10600068532,Stratton-06,,45.858646,-77.699314,105868484
10600068533,Stratton-07,,45.858927,-77.698928,105868484
10600068534,Stratton-08,,45.859057,-77.698333,105868484
10600068535,Stratton-09,,45.859285,-77.697898,105868484
10601904551,Stratton-04,,45.851462,-77.727751,105868484
10601904552,Stratton-03,,45.85191,-77.728261,105868484
10601904553,Stratton-02,,45.852725,-77.729468,105868484
10601904554,Stratton-01,,45.853023,-77.729886,105868484
11951962565,Foys Lake Staring Point (#41),,45.75633,-77.876976,-1701
11951983371,Barron Lake Starting Point (#22C),,45.793607,-77.976011,104748351
11958879275,Bucholtz-01,,45.870915,-77.717238,105868601
11967094300,Johnston-05,,45.863341,-77.735326,1507034
11969325406,Johnston-04,,45.86346,-77.73604,1507034
12673855831,Johnston-01,,45.864184,-77.739052,1507034
12673855832,Johnston-02,,45.864048,-77.738509,1507034
12673855833,Johnston-03,,45.863807,-77.737786,1507034
1291171573,Achray Campground,,45.869808,-77.765091,1483831
6859034682,,,45.830507,-77.53639,6465254
6859034683,,,45.861016,-77.556639,435956857
6859034684,,,45.862911,-77.558393,435956857
6859080285,,,45.828063,-77.54149,6465253
6859080286,,,45.822572,-77.538715,435956854
6859080287,,,45.830162,-77.544215,6465253
6859080288,,,45.826864,-77.542916,6465253
6859080289,,,45.829139,-77.545842,6465253
6859080290,,,45.82092,-77.542499,6465253
6859080291,,,45.827712,-77.546391,6465253
6859080292,,,45.822001,-77.544474,6465253
6859080293,,,45.823728,-77.545705,6465253
6859080295,,,45.826791,-77.548504,6465253
6859080296,,,45.822245,-77.546765,6465253
6859080297,,,45.820589,-77.546436,6465253
6859080298,,,45.809754,-77.540819,435956852
6859080299,,,45.826366,-77.551634,6465253
6859080300,,,45.82371,-77.55078,6465253
6859080302,,,45.833942,-77.557778,435956867
6859080303,,,45.821561,-77.55149,6465253
6859080304,,,45.822027,-77.551735,6465253
6859080305,,,45.823856,-77.553453,6465253
6859080306,,,45.881691,-77.58484,435954587
6859080309,,,45.883704,-77.592615,435954587
6859080310,,,45.883042,-77.59725,435954587
6859080311,,,45.884221,-77.598845,435954587
6859080312,,,45.820146,-77.565242,6465253
6859080314,,,45.885138,-77.605286,435954587
6859080315,,,45.885156,-77.605512,435954587
6859080317,,,45.885097,-77.609273,435954587
6859080324,,,45.866665,-77.63855,105868535
6859080325,,,45.865308,-77.637942,105868535
6859080333,,,45.887262,-77.660252,105863840
6859080334,,,45.887223,-77.66099,105863840
6859080335,,,45.875191,-77.657455,105863793
6859080336,,,45.840986,-77.639519,105868177
6859080337,,,45.876892,-77.658786,105863793
6859080338,,,45.885672,-77.664072,105863840
6859080339,,,45.876506,-77.659991,105863793
6859080341,,,45.879675,-77.665023,105863793
6859080342,,,45.879901,-77.66609,105863793
6859080344,,,45.87885,-77.667271,105863793
6859080345,,,45.888923,-77.679433,105863965
6859080347,,,45.887162,-77.681861,105863965
6859080348,,,45.855651,-77.666312,105868501
6859080349,,,45.855387,-77.666814,105868501
6859080350,,,45.858559,-77.67477,105868192
6859080351,,,45.875221,-77.686046,105863750
6859080352,,,45.85767,-77.677333,105868192
6859080353,,,45.863471,-77.686246,15429240
6859080354,,,45.862906,-77.686381,15429240
6859080355,,,45.856397,-77.688532,105868221
6859080356,,,45.851731,-77.68928,105868221
6859080357,,,45.84808,-77.689547,105868221
6859080358,,,45.846408,-77.688742,105868221
6859080359,,,45.845703,-77.689231,105868221
6859080361,,,45.836299,-77.686515,105868221
3840255385,,,46.064093,-78.817152,144575514
6859081146,,,46.112253,-78.692995,9448577
6859081194,,,46.069849,-78.704021,13073534
6859081204,,,46.060977,-78.701402,13073534
6859081208,,,46.066451,-78.7059,13073534
6859081210,,,46.065188,-78.705582,13073534
6859081211,,,46.064766,-78.705648,13073534
6859081213,,,46.06434,-78.705685,13073534
6859081218,,,46.062464,-78.705641,13073534
6859081223,,,46.057581,-78.703574,13073534
6859081240,,,46.05765,-78.710876,13073534
6859081247,,,46.062781,-78.72,13073534
6859081251,,,46.057638,-78.726522,13073534
6859081253,,,46.05878,-78.737852,13073534
6859081255,,,46.024774,-78.7221,106590943
6859081257,,,46.025601,-78.722993,106590943
6859081258,,,46.037601,-78.731907,59643359
6859081259,,,46.034473,-78.73051,59643359
6859081260,,,46.058992,-78.74402,13073534
6859081262,,,46.026515,-78.728961,106590943
6859081264,,,46.016745,-78.724229,106590943
6859081265,,,46.016017,-78.726668,106590943
6859081272,,,46.023559,-78.737165,106590943
6859081278,,,46.054844,-78.759677,3380586
6859081279,,,46.054463,-78.762755,3380586
6859081280,,,46.042343,-78.756278,59643359
6859081290,,,46.057238,-78.768881,3380586
6859081294,,,46.057797,-78.770153,3380586
6859081300,,,46.05884,-78.773695,3380586
6859081308,,,45.995695,-78.740954,104145649
6859081311,,,46.043526,-78.76863,144576727
6859081316,,,46.046658,-78.772001,144576727
6859081319,,,46.14264,-78.827231,932740
6859081332,,,46.142519,-78.831656,932740
6859081335,,,46.065013,-78.789587,3380586
6859081339,,,46.048651,-78.782178,144576727
6859081340,,,46.064538,-78.791075,3380586
6859081346,,,46.067715,-78.79513,3380586
6859081347,,,46.068112,-78.795603,3380586
6859081350,,,45.947837,-78.730585,1475065
6859081351,,,45.942802,-78.728358,1475065
6859081357,,,45.944879,-78.731684,1475065
6859081358,,,45.943415,-78.73175,1475065
6859081365,,,45.993781,-78.761375,3210119
6859081377,,,46.137914,-78.844934,932740
6859081378,,,45.967454,-78.75111,1958558
6859081384,,,46.072942,-78.811699,3380586
6859081389,,,46.135152,-78.847564,932740
6859081393,,,45.969225,-78.757,1958558
6859081394,,,46.127446,-78.844492,932740
6859081396,,,45.990965,-78.769324,3210119
6859081412,,,45.967817,-78.761682,1958558
6859081418,,,46.064119,-78.818191,144575514
6859081419,,,46.064823,-78.81869,144575514
6859081420,,,46.067999,-78.821325,144575514
6859081421,,,45.989821,-78.778413,3210119
6859081422,,,45.953697,-78.758697,104345963
6859081423,,,46.100025,-78.839682,2998019
6859081428,,,45.997023,-78.78392,3210119
6859081429,,,45.955569,-78.761367,104345963
6859081432,,,46.100921,-78.842587,2998019
6859081434,,,45.990417,-78.781583,3210119
6859081436,,,45.990055,-78.782366,3210119
6859081437,,,45.955008,-78.763459,104345963
6859081441,,,45.94375,-78.761725,1477514
6859081445,,,46.005053,-78.796553,3210119
6859081447,,,46.001366,-78.795825,3210119
6859081451,,,45.946989,-78.768095,1477514
6859081458,,,46.020641,-78.811949,1958958
6859081461,,,45.961749,-78.782025,59877399
6859081462,,,46.02068,-78.814922,1958958
6859081463,,,45.958995,-78.780941,59877399
6859081466,,,46.001928,-78.805643,3210119
6859081467,,,46.089724,-78.854222,2998019
6859081469,,,45.958179,-78.782565,59877399
6859081471,,,45.960769,-78.784541,59877399
6859081473,,,46.089411,-78.856238,2998019
6859081474,,,46.004814,-78.809642,3210119
6859081475,,,46.001249,-78.807889,3210119
6859081476,,,45.966296,-78.789234,104346013
6859081477,,,46.084734,-78.855503,2998019
6859081482,,,46.011742,-78.8173,1958958
6859081484,,,45.952276,-78.786402,59644648
6859081485,,,46.080779,-78.857469,2998019
6859081487,,,46.026958,-78.828126,1958958
6859081488,,,46.029956,-78.830005,1958958
6859081489,,,46.088064,-78.862387,2998019
6859081496,,,46.088369,-78.864089,2998019
6859081499,,,46.016079,-78.8244,1958958
6859081503,,,46.014743,-78.823988,1958958
6859081504,,,45.954004,-78.79074,59644648
6859081508,,,46.021228,-78.829327,1958958
6859081521,,,46.081202,-78.86865,2998019
6859081526,,,46.038874,-78.848456,144843176
6859081536,,,46.040236,-78.853586,144843176
6859081537,,,46.018269,-78.841523,1958958
6859081544,,,45.977698,-78.82611,144761561
6859081545,,,45.977596,-78.826491,144761561
6859081549,,,46.083448,-78.886647,2998019
6859081550,,,46.083136,-78.88724,2998019
6859081551,,,46.076789,-78.883934,2998019
6859081552,,,46.017481,-78.851255,1958959
6859081555,,,45.977298,-78.830149,144761561
6859081557,,,46.067489,-78.884242,2998019
6859081558,,,46.069385,-78.885405,2998019
6859081567,,,46.080806,-78.899303,2998019
6859081571,,,46.064736,-78.89136,2998019
6859081574,,,46.060603,-78.892567,2998019
6859081575,,,46.063493,-78.894282,2998019
6859081577,,,46.062085,-78.894703,2998019
6859081579,,,46.078918,-78.90745,2998019
6859081580,,,45.97587,-78.850504,1958551
6859081583,,,45.977368,-78.852863,1958551
6859081587,,,46.073543,-78.910155,2998019
6859081589,,,46.079535,-78.915348,2998019
6859081598,,,45.96785,-78.863324,1958321
6859081601,,,45.96723,-78.866476,1958321
6859081602,,,46.000003,-78.885223,59877433
6859081603,,,46.00647,-78.890195,59877433
6859081606,,,46.080643,-78.935564,2998019
6859081607,,,45.986234,-78.884438,931647
6859081608,,,45.988614,-78.886632,931647
6859081609,,,45.989848,-78.887425,931647
6859081610,,,46.007221,-78.898156,59877433
6859081611,,,45.972781,-78.880368,1954671
6859081613,,,45.972893,-78.881085,1954671
6859081615,,,46.04944,-78.924121,2998019
6859081616,,,46.005759,-78.900187,59877433
6859081620,,,46.078608,-78.941987,2998019
6859081621,,,45.972201,-78.883652,1954671
6859081625,,,45.988916,-78.894559,931647
6859081627,,,46.047252,-78.927719,144338724
6859081629,,,45.989449,-78.896822,931647
6859081632,,,45.984168,-78.898046,931647
6859081633,,,45.992328,-78.903666,931647
6859081635,,,45.986428,-78.901814,931647
6859081637,,,45.988083,-78.904153,931647
6859081638,,,45.94974,-78.883331,-919
6859081639,,,45.982556,-78.901749,931647
6859081640,,,45.992185,-78.907304,931647
6859081645,,,45.980399,-78.905245,931647
6859081646,,,46.05104,-78.945039,144338617
6859081648,,,45.99879,-78.916436,931647
6859081657,,,46.053125,-78.952,144338617
6859081661,,,46.00112,-78.924181,931647
6859081663,,,45.985139,-78.915636,931647
6859081670,,,46.008439,-78.932074,931647
6859081672,,,46.00616,-78.930918,931647
6859081673,,,46.051551,-78.956706,144338617
6859081679,,,45.982812,-78.920028,931647
6859081693,,,45.948739,-78.909645,1951871
6859081695,,,45.943151,-78.907201,1951871
6859081697,,,46.046235,-78.965677,144338617
6859081700,,,45.94582,-78.910865,1951871
6859081702,,,45.94148,-78.909442,1951871
6859081706,,,46.045631,-78.96961,2997936
6859081707,,,46.042043,-78.96794,2997936
6859081709,,,46.048167,-78.971788,2997936
6859081722,,,45.944766,-78.920721,1951871
6859081723,,,46.016574,-78.96066,2997936
6859081727,,,45.944889,-78.922165,1951871
6859081728,,,46.016753,-78.963385,2997936
6859081734,,,46.015449,-78.965393,2997936
6859081736,,,45.944227,-78.926356,1951871
6859081738,,,46.015218,-78.966249,2997936
6859081749,,,46.013671,-78.969436,2997936
6859081752,,,45.941565,-78.931989,1951871
6859081753,,,46.042972,-78.988487,2997936
6859081755,,,46.013512,-78.972848,2997936
6859081756,,,45.942991,-78.933763,1951871
6859081759,,,46.033854,-78.986691,2997936
6859081760,,,46.030848,-78.985126,2997936
6859081762,,,46.031585,-78.986631,2997936
6859081763,,,46.033612,-78.98787,2997936
6859081764,,,46.013051,-78.976529,2997936
6859081767,,,46.01197,-78.978554,2997936
6859081771,,,46.010875,-78.98035,2997936
6859081776,,,46.011708,-78.982345,2997936
6859081777,,,46.027952,-78.991611,2997936
6859081780,,,46.037499,-78.998025,2997936
6859081787,,,46.006194,-78.984417,2997936
6859081792,,,46.022996,-78.995852,2997936
6859081793,,,46.003958,-78.98536,2997936
6859081796,,,46.018407,-78.9945,2997936
6859081798,,,46.031212,-79.002892,2997936
6859081799,,,46.015243,-78.994926,2997936
6859081800,,,46.030185,-79.003305,2997936
6859081805,,,46.017571,-78.999286,2997936
6859081808,,,46.0142,-78.998502,2997936
6859081810,,,45.94137,-78.958096,1951871
6859081811,,,46.020108,-79.001957,2997936
6859081814,,,45.948416,-78.962997,144048550
6859081821,,,45.991589,-78.991926,2997936
6859081825,,,46.0149,-79.006278,2997936
6859081826,,,46.023379,-79.011005,2997936
6859081828,,,46.003317,-79.000916,2997936
6859081829,,,46.003254,-79.001428,2997936
6859081830,,,46.005576,-79.00327,2997936
6859081832,,,46.00833,-79.006336,2997936
6859081833,,,45.993245,-78.998206,2997936
6859081836,,,45.990968,-78.999016,2997936
6859081838,,,45.997034,-79.004418,2997936
6859081840,,,45.971546,-78.991922,144048532
6859081841,,,45.951,-78.98082,2997921
6859081843,,,45.981847,-78.99864,2997936
6859081845,,,45.963731,-78.989541,2997921
6859081846,,,46.028655,-79.025883,2997936
6859081847,,,45.991701,-79.005822,2997936
6859081851,,,45.949085,-78.984235,2997921
6859081852,,,45.990848,-79.008411,2997936
6859081855,,,45.952501,-78.987665,2997921
6859081857,,,45.965288,-78.998715,2997921
6859081858,,,45.977566,-79.007355,2997936
6859081860,,,45.969228,-79.003804,2997921
6859081864,,,45.962103,-79.005632,2997921
6859081866,,,45.962093,-79.007923,2997921
6859081867,,,45.957828,-79.005657,2997921
6859081868,,,45.949191,-79.000957,2997921
6859081869,,,45.950484,-79.001588,2997921
6859081870,,,45.965188,-79.01085,2997921
6859081871,,,45.964077,-79.010449,2997921
6859081876,,,45.949366,-79.005099,2997921
6859081877,,,45.956178,-79.00922,2997921
6859081878,,,45.954997,-79.010203,2997921
6859081882,,,45.950663,-79.00932,2997921
6859081896,,,45.949984,-79.01408,2997921
6859081897,,,45.958536,-79.019559,2997921
6859081899,,,45.952023,-79.016965,2997921
6859081900,,,45.959522,-79.021362,2997921
6859081906,,,45.956635,-79.023581,2997921
6859081907,,,45.961452,-79.026841,2997921
6859081909,,,45.962526,-79.028286,2997921
6859081910,,,45.953651,-79.023868,2997921
6859081913,,,45.9423,-79.019093,2997921
6859081915,,,45.953722,-79.026268,2997921
6859081916,,,45.95452,-79.026886,2997921
6859081919,,,45.955737,-79.02984,2997921
6859081921,,,45.948608,-79.026762,2997921
6859081925,,,45.942412,-79.025715,2997921
6859081928,,,45.95436,-79.034232,2997921
6859081932,,,45.947696,-79.032386,2997921
6859081936,,,45.950729,-79.035816,2997921
6859081937,,,46.033146,-79.083917,932764
6859081941,,,46.035206,-79.086165,932764
6859081942,,,45.945718,-79.036303,2997921
6859081943,,,45.972212,-79.051626,1950325
6859081944,,,45.978547,-79.055818,1950325
6859081945,,,45.942484,-79.038109,2997921
6859081946,,,45.975758,-79.057106,1950325
6859081947,,,45.982891,-79.062292,1950325
6859081948,,,45.943401,-79.040916,2997921
6859081950,,,45.977009,-79.062619,1950325
6859081952,,,45.945156,-79.046815,2997921
6859081953,,,46.023479,-79.090887,930579
6859081954,,,45.946863,-79.049516,2997921
6859081955,,,45.993293,-79.077076,161005620
6859081961,,,45.996584,-79.08406,161005715
6859081963,,,45.968162,-79.06922,161003231
6859081964,,,45.947051,-79.057822,2997921
6859081965,,,46.015061,-79.097287,930579
6859081969,,,45.968741,-79.073428,161003231
6859081970,,,45.99062,-79.08609,161005620
6859081971,,,45.945252,-79.060999,2997921
6859081974,,,46.026618,-79.10743,975045678
6859081975,,,45.94651,-79.062874,2997921
6859081976,,,45.94423,-79.061625,2997921
6859081978,,,46.012575,-79.099898,930579
6859081979,,,45.944446,-79.062929,2997921
6859081982,,,46.032472,-79.113117,975045678
6859081983,,,45.993271,-79.09206,161005620
6859081986,,,45.949408,-79.069089,2997921
6859081987,,,45.942327,-79.065464,2997921
6859081988,,,45.96406,-79.078035,161003231
6859081991,,,45.950165,-79.071917,2997921
6859081996,,,45.943202,-79.069006,2997921
6859082005,,,45.941588,-79.070396,2997921
6859082006,,,45.950436,-79.075463,2997921
6859082017,,,45.949625,-79.079241,2997921
6859082019,,,45.949502,-79.081284,2997921
6859082020,,,45.954243,-79.084147,143977857
6859082024,,,45.947906,-79.08339,2997921
6859082027,,,45.995885,-79.111365,931651
6859082028,,,45.953833,-79.088184,143977857
6859082029,,,45.95671,-79.090228,143977857
6859082031,,,45.992637,-79.110971,931651
6859082042,,,45.955497,-79.096661,143977857
6859082045,,,45.945172,-79.091439,2997921
6859082050,,,45.991212,-79.119588,931651
6859082053,,,45.942717,-79.093458,2997921
6859082059,,,45.941948,-79.094887,2997921
6859082072,,,45.941759,-79.098391,2997921
6859082090,,,45.941738,-79.103519,2997921
1434138769,Mink Lake Campsite #4,,46.065684,-78.793882,3380586
1226126842,Brent Campground,,46.026495,-78.486464,2973149
1226126850,Brent Campground,,46.024868,-78.490287,2973149
6859080553,,,46.085098,-78.202959,9843472
6859080556,,,46.089744,-78.209905,9843472
6859080558,,,46.084701,-78.209399,9843472
6859080559,,,46.091247,-78.213366,9843472
6859080571,,,46.069022,-78.223164,707845011
6859080575,,,46.071412,-78.227076,707845011
6859080589,,,45.962164,-78.191854,977578620
6859080591,,,45.962013,-78.193297,977578619
6859080594,,,45.961132,-78.196981,977578619
6859080595,,,45.965329,-78.200394,977578619
6859080597,,,46.110836,-78.283394,680569605
6859080598,,,46.102347,-78.279,9445138
6859080599,,,46.100677,-78.27842,9445138
6859080600,,,46.099222,-78.278176,9445138
6859080601,,,46.104828,-78.281986,9445138
6859080602,,,46.098025,-78.278399,9445138
6859080603,,,45.973136,-78.211512,977578619
6859080604,,,46.101454,-78.281244,9445138
6859080605,,,45.97056,-78.211685,977578619
6859080606,,,46.093793,-78.278612,9445138
6859080607,,,45.971905,-78.213052,977578619
6859080608,,,46.099547,-78.28272,9445138
6859080609,,,46.042867,-78.254255,1519900
6859080611,,,46.084255,-78.279654,16086962
6859080612,,,46.082468,-78.280458,16086962
6859080614,,,46.044908,-78.262668,1519900
6859080615,,,46.07629,-78.280212,16086962
6859080617,,,46.079304,-78.282314,16086962
6859080618,,,46.077294,-78.281231,16086962
6859080620,,,46.072916,-78.284083,16086962
6859080621,,,46.066913,-78.284098,16086962
6859080622,,,46.062214,-78.284008,16086962
6859080624,,,46.056554,-78.283929,16086962
6859080629,,,45.984314,-78.247387,13140332
6859080631,,,45.994648,-78.254784,1188242
6859080635,,,45.99402,-78.256673,977578621
6859080639,,,46.026209,-78.278915,106602511
6859080640,,,45.992293,-78.26064,222042188
6859080642,,,45.999475,-78.266819,2937418
6859080645,,,46.021357,-78.279943,106602369
6859080651,,,46.002112,-78.275745,2937418
6859080655,,,46.016634,-78.286753,8485316
6859080660,,,46.002568,-78.2819,2937418
6859080665,,,45.985441,-78.276865,2937418
6859080666,,,46.031875,-78.304126,106602606
6859080668,,,46.001619,-78.289618,2937418
6859080670,,,46.001716,-78.291937,2937418
6859080671,,,46.033437,-78.309445,106602606
6859080677,,,46.016583,-78.305964,106602608
6859080680,,,46.017761,-78.310433,106602608
6859080683,,,46.064831,-78.338051,106602546
6859080684,,,46.09142,-78.352997,9733294
6859080695,,,46.064953,-78.346521,106602546
6859080700,,,45.992797,-78.310057,2937418
6859080711,,,46.033987,-78.335772,1519902
6859080713,,,45.995721,-78.315676,1519904
6859080714,,,45.990459,-78.312829,2937418
6859080717,,,46.030671,-78.336821,1519902
6859080721,,,46.089053,-78.375258,9733294
6859080727,,,46.083021,-78.377103,9733292
6859080728,,,46.054367,-78.361605,106602600
6859080730,,,46.085879,-78.380954,9733294
6859080732,,,46.085465,-78.383677,9733294
6859080734,,,46.088392,-78.386692,9733294
6859080736,,,46.078486,-78.384787,9733292
6859080737,,,46.048569,-78.36947,106602605
6859080742,,,46.089455,-78.405402,9733294
6859080744,,,45.952063,-78.332615,78602603
6859080746,,,46.082896,-78.405209,9733294
6859080749,,,46.086374,-78.410165,9733294
6859080757,,,46.011766,-78.377265,13140333
6859080765,,,46.024951,-78.395264,2973149
6859080770,,,46.060651,-78.424409,106584184
6859080772,,,46.062379,-78.427645,106584184
6859080773,,,46.028516,-78.416047,2973149
6859080776,,,46.005452,-78.410456,2973149
6859080778,,,46.004966,-78.411719,2973149
6859080779,,,46.007828,-78.418031,2973149
6859080780,,,46.00721,-78.418433,2973149
6859080783,,,46.069221,-78.456229,9839701
6859080784,,,46.058934,-78.452732,106584071
6859080786,,,46.023869,-78.433817,2973149
6859080787,,,45.999622,-78.422438,2973149
6859080788,,,46.081177,-78.467183,28821262
6859080789,,,46.016844,-78.432593,2973149
6859080790,,,45.993915,-78.420745,2973149
6859080791,,,46.084352,-78.47012,28821262
6859080792,,,45.998238,-78.423647,2973149
6859080797,,,46.085542,-78.477108,28821262
6859080813,,,46.033388,-78.45679,2973149
6859080818,,,46.084548,-78.485741,28820855
6859080820,,,46.086302,-78.487652,28820855
6859080830,,,45.966257,-78.436523,78517125
6859080831,Brent Campground,,46.031888,-78.47426,2973149
6859080832,,,46.068955,-78.496107,28820855
6859080836,,,46.015205,-78.474358,2973149
6859080840,,,46.013199,-78.479671,2973149
6859080841,,,46.008726,-78.482165,2973149
6859080843,,,46.00851,-78.484955,2973149
6859080844,Brent Campground,,46.025545,-78.494414,2973149
6859080845,,,45.992288,-78.477658,13125163
6859080846,,,45.990859,-78.477314,13125163
6859080850,,,46.02834,-78.500486,2973149
6859080851,,,46.03178,-78.506128,2973149
6859080853,,,46.018582,-78.50317,2973149
6859080857,,,46.021105,-78.506443,2973149
6859080858,,,46.01504,-78.503906,2973149
6859080860,,,46.022756,-78.508343,2973149
6859080862,,,46.023768,-78.511405,2973149
6859080864,,,46.012403,-78.506392,2973149
6859080867,,,45.979807,-78.494615,13125163
6859080874,,,46.005937,-78.516707,2973149
6859080875,,,46.00558,-78.516621,2973149
6859080879,,,46.032565,-78.533236,2973149
6859080884,,,46.005241,-78.520471,2973149
6859080886,,,46.047403,-78.546926,2973149
6859080898,,,45.989216,-78.520978,104083468
6859080901,,,45.965021,-78.509997,104083634
6859080905,,,46.047674,-78.556261,2973149
6859080930,,,45.978115,-78.529844,104083669
6859080940,,,45.959455,-78.525965,13125164
6859080947,,,46.023867,-78.562515,21091548
6859080951,,,46.058245,-78.585072,13736908
6859080953,,,45.991797,-78.549865,2973186
6859080957,,,46.060913,-78.588471,13736908
6859080966,,,46.016676,-78.567281,106580065
6859080968,,,46.049188,-78.585669,106580052
6859080970,,,46.049498,-78.586713,106580052
6859080990,,,45.957797,-78.541623,2973184
6859080994,,,46.006346,-78.568628,104083545
6859081001,,,46.069331,-78.605435,9843627
6859081009,,,45.951945,-78.543327,2973184
6859081023,,,46.04009,-78.596938,106580012
6859081026,,,46.084901,-78.622645,9843627
6859081029,,,45.947732,-78.548868,2973184
6859081030,,,46.062823,-78.612154,9843628
6859081035,,,46.064923,-78.615104,9843628
6859081037,,,45.942942,-78.548864,2973184
6859081039,,,45.944551,-78.549962,2973184
6859081040,,,45.945189,-78.55042,2973184
6859081041,,,46.099875,-78.635249,680795616
6859081045,,,46.063028,-78.617665,9843628
6859081047,,,46.004041,-78.586186,1519668
6859081048,,,46.0368,-78.604201,1519668
6859081056,,,46.060542,-78.619857,9843628
6859081059,,,46.058858,-78.620259,1519741
6859081063,,,46.014394,-78.597803,1519668
6859081065,,,46.115022,-78.653202,680795615
6859081067,,,46.054445,-78.622186,1519741
6859081069,,,46.015384,-78.60151,1519668
6859081073,,,46.068188,-78.633123,680795603
6859081076,,,45.941848,-78.564391,2973184
6859081079,,,46.023944,-78.609916,1519668
6859081081,,,46.121176,-78.664025,680795655
6859081088,,,45.977885,-78.587843,2973186
6859081089,,,46.013643,-78.607756,1519668
6859081095,,,46.068701,-78.640614,680795603
6859081098,,,46.053486,-78.63416,1519741
6859081100,,,46.00318,-78.60649,1519668
6859081101,,,45.945717,-78.575552,104083486
6859081102,,,46.055802,-78.635927,1519741
6859081104,,,46.000552,-78.605978,1519668
6859081105,,,46.0672,-78.643394,680795603
6859081107,,,45.948076,-78.580112,104083486
6859081114,,,45.972874,-78.596637,2973186
6859081119,,,46.053202,-78.6425,1519741
6859081130,,,46.054168,-78.654498,1519741
6859081132,,,45.967804,-78.607377,2973186
6859081133,,,45.967528,-78.607553,2973186
6859081135,,,46.046526,-78.65245,106590850
6859081137,,,46.111307,-78.688467,9448577
6859081139,,,46.107806,-78.687465,9448577
6859081144,,,46.042574,-78.653007,106590850
6859081157,,,45.968707,-78.625768,2973186
6859081161,,,45.968647,-78.62661,2973186
6859081182,,,46.052816,-78.68466,1519741
6859081200,,,45.965525,-78.648105,2973186
5033510921,Algonquin Park canoe campsite - 5 mile rapids,,46.009996,-77.728367,-3143
6859080326,,,45.988691,-77.70445,-2895
6859080327,,,45.990626,-77.706343,-2895
6859080328,,,46.001611,-77.71249,-3143
6859080329,,,45.989662,-77.706267,-2895
6859080332,,,46.004843,-77.719634,-3143
6859080340,,,46.014153,-77.735216,-3143
6859080343,,,46.01495,-77.737703,-3143
6859080346,,,46.021729,-77.749883,-3143
6859080372,,,46.041372,-77.807276,-2970
6859080375,,,46.042977,-77.814545,-2899
6859080415,,,46.049448,-77.874464,-2899
6859080416,,,46.049253,-77.876972,-2899
6859080420,,,46.048919,-77.880603,-2899
6859080434,,,46.062576,-77.903362,-2899
6859080435,,,46.050829,-77.897516,-2899
6859080436,,,46.057452,-77.901493,-2899
6859080438,,,46.064726,-77.906472,-2899
6859080439,,,46.061748,-77.905096,-2899
6859080447,,,45.974618,-77.897706,-2867
6859080463,,,46.048536,-77.976749,-2899
6859080464,,,46.047747,-77.97687,-2899
6859080466,,,46.047237,-77.979956,-2899
6859080472,,,46.038461,-77.994212,-2899
6859080473,,,46.036902,-77.998166,-2899
6859080474,,,46.034064,-78.005345,-3056
6859080481,,,46.024997,-78.023138,-3113
6859080496,,,45.979397,-78.032379,-2829
6859080504,,,45.982386,-78.043012,-2830
6859080510,,,45.963142,-78.038091,-2825
6859080524,,,45.960396,-78.062746,1187447
6859080529,,,45.957355,-78.077797,1187447
6859080530,,,45.95876,-78.078818,1187447
6859080532,,,45.95005,-78.085787,1187447
6859080533,,,45.949626,-78.086538,1187447
6859080536,,,45.948487,-78.10191,1187447
6859080537,,,45.949625,-78.108286,1187447
6859080545,,,46.056935,-78.179215,-3134
6859080547,,,46.064903,-78.185595,-2701
6859080548,,,46.037329,-78.170908,-3133
6859080563,,,45.952005,-78.152829,1187447
6859080568,,,45.954462,-78.157007,1187447
6859080586,,,45.955796,-78.186144,1187447
8000030085,,,46.062392,-77.903125,-2899
11950987452,Bissett Creek Road Access Point #24,,46.088053,-78.098528,-3116
6859080294,,,45.945234,-77.609657,435953829
6859080301,,,45.951734,-77.619703,435953829
6859080307,,,45.951189,-77.625158,435953829
6859080308,,,45.952436,-77.628751,435953829
6859080313,,,45.958966,-77.638382,435953829
6859080316,,,45.965891,-77.651481,105855573
6859080318,,,45.972605,-77.659805,105855573
6859080319,,,45.976093,-77.665666,105855573
6859080320,,,45.981337,-77.683621,105855573
6859080321,,,45.984524,-77.686828,1506903
6859080322,,,45.982918,-77.686303,1506903
