osm_id,up,down
78033079,2,37
78033197,39,30
78033215,17,23
78033431,25,56
82510303,17,13
82510440,15,2
82510573,26,22
82610435,1,2
217475913,0,10
233880120,47,94
338158566,0,9
375542488,0,0
375542489,0,4
375542491,6,9
868152932,1,1
868152935,14,1
868152937,3,5
975803920,33,22
975803922,17,56
975803923,6,19
975803925,59,3
975803926,12,11
975803927,26,58
1150011235,52,35
1150326570,11,3
1151278862,0,45
1152782965,42,19
1152782966,23,4
1152782967,2,47
1152782968,1,5
1152782969,27,6
1152782970,72,27
1152782971,10,11
1152782972,17,20
1152782973,11,27
1152997383,0,19
1167248751,6,12
1167248752,19,9
1167248754,7,9
1173065670,8,13
1173065673,1,2
1173065683,14,7
1173065684,1,10
1173065685,9,7
1541276013,6,6
1541276014,0,0
74445452,60,29
75083866,1,10
75366384,2,25
75366701,47,0
80504288,43,2
80504304,35,20
80507831,12,0
80507832,13,0
80561553,6,48
80561570,11,0
80561655,13,45
80565592,19,39
80565610,40,32
82422268,11,76
82423129,12,41
82423135,1,57
82450558,10,17
82450603,58,58
82450625,4,2
82450723,3,8
82450856,45,29
82450861,29,17
180174009,30,20
232363998,19,2
232365056,22,2
232367264,0,0
232367265,1,4
237602378,34,13
309132732,6,0
975803901,2,31
975803902,14,10
975803903,47,7
979914824,4,30
979914825,15,28
979914834,3,53
979914839,0,11
980130749,15,13
980130751,0,5
980130752,28,26
980130758,22,59
980130760,5,21
980711275,23,8
982266077,11,0
982266078,45,55
982266079,47,23
982266081,11,8
982266083,16,15
982266084,23,41
1042086441,4,39
1042086445,16,24
1042086446,28,35
1042373091,20,8
1043308503,31,22
1044542324,11,14
1150011234,0,12
1150011236,9,31
1150011237,7,22
1150011238,23,16
1150011239,1,1
1150011240,2,2
1150011241,2,45
1150011242,0,10
1150011243,7,11
1150011244,13,4
1150011245,6,6
1150011246,29,11
1150243884,0,3
1150566312,3,3
1150566313,13,44
1150566314,19,27
1150566317,9,15
1150566318,13,10
1150566319,10,13
1150566321,5,3
1150566322,21,11
1150566323,3,5
1150566324,16,15
1150566325,15,18
1150566326,0,16
1150811634,17,2
1150811635,2,4
1150811636,7,17
1150811637,8,8
1150811638,0,8
1150811639,4,8
1150811640,58,23
1150811641,0,0
1150811642,11,4
1150811652,39,18
1150811654,5,44
1150811655,0,11
1150811656,17,28
1150811657,33,76
1153088335,36,17
1153088372,3,11
1153088373,17,6
1153088374,41,29
1153088375,25,13
1153088376,15,1
1153088377,6,17
1153088378,8,15
1154649398,11,2
1154649400,39,22
1154649406,34,19
1167248769,2,3
1167248770,18,5
1167248772,13,13
1167248789,57,49
1167248790,29,82
1171031284,10,22
1171031286,0,0
1171031287,0,0
1171031293,28,0
1171031294,31,0
1171031296,25,21
1182607046,6,6
1183777147,35,15
1183777155,25,18
1183777158,1,1
1184111663,5,14
1193634965,15,1
1206158044,11,12
1206158045,6,7
1042086436,14,35
1042086438,18,19
1042373110,3,5
1042373111,5,1
1533232694,2,13
1533232696,8,24
1533232700,0,3
74719541,2,14
77847692,15,44
77890492,21,18
77890782,3,46
77890843,6,0
77890867,16,8
78040242,73,10
78046593,10,7
78133301,42,10
78133311,0,4
105806795,2,0
105808494,7,53
236112282,16,0
365211295,10,9
477603039,0,15
477603045,0,11
624447200,16,21
639483914,19,35
639484247,30,15
639484791,16,7
639485315,8,24
639485708,8,23
639486310,56,1
639486560,26,17
868538271,28,10
868538282,42,8
975045658,8,0
975673007,26,9
975673014,12,19
975673015,7,0
975673016,16,0
975673017,1,2
975673018,42,43
975673019,35,45
975673020,29,3
975673025,5,5
975673026,29,42
975673027,45,5
975673041,54,17
975803889,5,24
975803891,11,7
975803892,16,28
975803899,25,12
975803900,22,5
975803928,10,2
975803929,21,17
975803930,25,0
975803931,0,3
975803932,32,10
975803934,11,22
975803935,21,15
975803936,3,10
975803937,16,4
975803938,7,13
975803939,13,12
975803940,32,27
975803941,11,18
975803942,9,35
975803944,5,24
975803945,7,15
975803946,22,20
975803947,9,8
975803958,0,13
975803959,13,8
975803960,4,9
976130933,1,5
976130934,23,4
976130937,21,5
976130939,38,58
1097136420,9,7
1119754607,8,0
1119754608,4,9
1151278863,27,9
1151278866,0,14
1151278867,9,8
1151278869,23,17
1151278871,0,5
1151278872,1,0
1151278878,12,5
1151278879,0,19
1151278880,7,0
1151278881,44,14
1151278882,32,12
1151278883,37,74
1151278884,1,1
1151278885,39,57
1151278886,0,0
1151278887,1,13
1151278888,0,0
1151278889,7,36
1151278890,17,18
1151278892,31,5
1151278896,9,1
1151278897,11,3
1151278898,0,0
1151278899,0,2
1151278900,23,31
1151346296,3,2
1151346297,44,70
1151346298,51,31
1151346299,11,8
1151346300,19,10
1151346301,13,0
1151346302,12,16
1151346303,22,3
1151346304,20,36
1151346306,30,54
1151346307,14,10
1151346309,0,14
1151346310,10,25
1151346311,39,7
1151346313,0,11
1151346314,0,10
1152290233,4,3
1152290234,8,8
1152290237,19,6
1152290238,13,4
1152290239,2,18
1152290241,33,17
1152290242,7,16
1152290243,51,23
1152290244,9,39
1152290245,38,17
1152290246,37,7
1152504879,17,87
1152504880,72,70
1152504898,17,39
1152504899,17,37
1152504900,19,1
1152504901,4,22
1152504905,8,40
1152504907,32,44
1152504909,20,5
1152504910,21,4
1152504911,10,8
1152504913,8,3
1152504914,4,3
1152504916,4,18
1152504917,18,13
1152504918,5,15
1152504919,1,1
1152504921,20,1
1152504923,1,28
1152504924,15,34
1152504925,24,15
1152504926,6,15
1152504927,13,13
1152504928,41,0
1152504929,30,24
1152504930,14,19
1152504932,32,81
1152504933,33,25
1152504934,18,13
1152504935,0,22
1152504936,12,15
1152504944,45,54
1152504945,11,4
1152543209,36,10
1152543210,11,50
1152543212,1,6
1152543213,0,15
1152543214,39,32
1152543215,21,8
1152543216,13,9
1152543217,30,21
1152543218,44,13
1152543220,9,5
1152573270,9,0
1152573271,18,9
1152573274,1,18
1152782962,12,9
1152782963,19,9
1152782964,11,9
1152782974,21,1
1152782975,19,3
1152782976,14,12
1152782979,0,8
1152782980,0,18
1152782981,4,11
1152782982,4,7
1152782983,32,6
1152782984,2,18
1158061693,0,18
1158061698,13,43
1158061699,7,10
1158061700,8,0
1158061701,3,9
1178791208,18,5
1532767912,4,9
1532767913,0,8
1532767914,5,6
1532767915,10,8
1532966492,0,2
1533218009,4,3
1533218017,0,2
1533218020,5,0
1540002386,12,3
74112958,16,40
74158035,28,14
74158038,10,24
74269452,6,17
74270111,12,1
74270119,10,12
74452157,2,10
74744040,11,11
74748712,25,16
74748906,25,12
75033942,1,0
75196375,7,29
75196446,5,7
75204364,9,25
75204983,73,23
75205083,20,3
77848623,21,28
78412513,3,2
78510128,23,19
104081089,54,26
104081112,28,9
104081246,25,11
104081587,15,30
104082040,18,21
161484745,0,11
168945453,21,7
175820299,15,2
175820592,20,53
292380437,31,8
292380495,57,17
292380499,27,6
292380679,30,44
531083069,48,8
639483754,29,18
659124195,23,1
720909773,4,63
827793628,9,5
827793629,12,0
846596002,2,9
975803893,5,0
975803894,21,3
975803895,11,0
975803896,33,11
975803897,14,5
975803898,0,0
976161221,19,18
976161223,22,12
976161224,6,8
976161225,23,14
976161231,10,0
976161232,37,24
976161235,6,1
979914838,18,21
1040595831,87,20
1150243877,5,5
1150243878,3,24
1150243880,30,22
1150243886,1,11
1150243887,1,1
1150326544,0,30
1150326545,4,1
1150811643,14,0
1150811644,0,31
1150811645,19,55
1150811647,5,46
1150811648,10,40
1150842110,31,19
1150842113,55,133
1150842132,48,36
1150842139,54,11
1150842140,84,1
1150842154,17,21
1150842155,32,36
1150842156,19,5
1150842157,66,20
1151028670,10,16
1151346295,12,32
1152262455,11,0
1152262456,0,6
1152262457,2,17
1152262458,8,11
1152262459,3,16
1152262460,25,31
1152262461,31,31
1152262462,51,50
1152262463,31,17
1152262464,46,34
1152262465,55,26
1152262466,9,36
1152262467,94,45
1152262468,111,62
1152262469,35,13
1152573261,5,13
1152573262,20,47
1152573266,8,22
1152573267,21,6
1152573268,16,32
1152573269,12,14
1152782938,3,7
1152782939,5,0
1152782940,10,8
1152782941,14,4
1152782948,7,2
1152782949,4,4
1152782950,8,10
1152782951,24,10
1152782952,10,11
1152782953,16,13
1152782954,32,3
1152782961,9,9
1153088353,22,6
1153088354,0,11
1153088355,8,0
1153088357,1,15
1153088358,0,0
1153088366,14,53
1153088367,38,56
1153088368,37,14
1153088369,41,19
1153088370,29,5
1153088371,28,9
1153088998,15,2
1153910367,24,34
1153910368,10,44
1153910369,7,6
1153910370,26,4
1153910371,22,20
1153910372,14,64
1153910373,11,44
1153910374,62,27
1153910379,6,6
1153910380,10,9
1153910381,2,5
1153910382,2,12
1182073956,45,26
1182073960,1,42
1182073963,0,20
1182073964,23,16
1182073965,19,1
1182073971,15,10
1182073980,7,0
1182073984,2,8
1182073991,12,13
1182073994,17,3
1182073995,8,47
1182073996,17,6
1182074003,0,43
1182074006,5,1
1182380863,0,60
1182380864,62,48
1182380874,4,23
1182380882,7,21
1182380883,15,1
1182380884,2,2
1182380885,0,0
1182380887,0,4
1182607083,4,0
1186118527,7,5
1189444056,0,11
1426924408,3,13
1444087306,0,3
1497132580,31,11
1539495482,4,4
1543331578,0,0
1543331579,0,0
1546756617,6,1
78412456,17,8
78412463,11,9
78412663,0,12
78415038,3,71
78415089,12,1
78415261,0,53
78557570,28,32
78567829,13,48
78567962,67,2
104747936,25,19
104802435,5,3
104802478,3,8
104802528,11,1
455096924,7,8
906391402,3,11
963056170,9,0
976750348,37,135
977660248,2,61
1040595826,18,2
1040595834,8,9
1040896278,22,28
1137099262,27,0
1137099263,4,8
1137099264,1,5
1137099266,19,4
1137099267,5,0
1137099278,0,0
1137099280,4,1
1150842109,33,5
1150842111,52,44
1150842112,20,2
1152782932,17,87
1152782933,10,31
1152782934,0,22
1152782935,15,1
1152782936,10,4
1152782937,6,8
1152782942,9,21
1152782943,14,15
1152782944,6,7
1152782945,27,0
1152782947,11,0
1153088343,4,40
1153088344,17,54
1153088345,105,148
1153088346,12,4
1153088347,5,19
1153088348,7,4
1153088349,1,2
1153088350,16,0
1153088351,13,23
1153088359,0,22
1153088360,11,13
1153088361,0,27
1153088362,0,26
1153088363,7,21
1153088364,14,7
1153088365,2,25
1153093328,11,2
1153093332,32,18
1153093333,0,0
1153093334,10,7
1153093336,22,87
1153093337,0,0
1153093338,11,4
1153093339,0,0
1153093340,27,105
1153093346,43,18
1153093347,6,44
1153093348,41,37
1153093349,0,59
1153093350,33,29
1153093351,31,12
1153093352,29,41
1153093353,91,24
1153093354,17,16
1153093355,80,1
1153093356,5,13
1153093357,32,46
1153093359,12,5
1153093361,2,13
1153093365,1,0
1153093366,0,9
1153093367,43,42
1153093368,51,72
1153093369,20,46
1153621654,123,162
1153910394,17,44
1186118452,54,1
1186118465,63,43
1186118466,19,0
1186118483,32,19
1189496487,18,12
1190940417,0,15
1190940418,31,76
1191303490,0,0
1191303492,1,1
1191303493,23,16
1191303494,63,6
1191303497,26,0
1191303498,0,5
1191303499,0,7
1537980052,3,1
105868586,76,22
105868701,1,26
628304799,4,4
1137099257,12,6
1137099258,17,6
1137099259,3,18
1137099260,9,32
1137099271,11,13
1137099272,6,21
1137099273,6,4
1137099274,5,52
1137099275,14,26
1137099276,8,12
1137099279,15,5
1153088338,6,9
1153088339,7,78
1153088340,16,21
1153088341,36,11
1153088342,15,82
1153621637,45,28
1153621638,35,3
1153621639,1,87
1153621640,4,4
1153621642,35,20
1153621650,10,0
1153621652,23,0
1153621653,7,7
1190940446,1,1
1537980071,10,2
1548589244,3,13
105508645,0,19
106580107,25,22
106580145,79,30
106580272,20,14
144437865,23,5
144438011,13,7
144438014,37,10
365211408,13,51
365211626,14,34
973890291,37,12
974505237,10,71
974505240,6,39
974505241,36,3
974505242,34,14
974505243,28,15
974505244,1,19
974505248,15,7
974505249,9,3
974505250,36,8
975045654,10,38
975045655,11,7
975045656,22,28
975045657,6,8
975045660,20,45
975045661,78,28
975045674,9,17
975045675,12,15
975045676,44,25
975045677,19,24
975673028,0,18
975673029,40,21
975673030,0,8
975673050,1,8
975673051,41,30
975673052,0,4
1040642317,3,53
1040642318,2,14
1040642319,11,7
1152504882,11,51
1152504883,38,91
1152504884,18,19
1152504885,17,9
1152504886,13,35
1152504887,17,21
1152504888,32,30
1152504889,26,17
1152504890,5,15
1152504891,9,16
1152504892,9,22
1152504893,1,29
1152504894,26,11
1152504895,21,13
1152504896,11,11
1152504897,8,4
1152543221,4,4
1152573248,19,10
1152573249,28,8
1152573250,5,4
1152573251,16,29
1152573252,14,3
1152573254,3,10
1152573255,31,8
1206017896,27,31
1206017897,15,22
1219892182,7,7
1220553291,6,8
1220553294,9,9
1434043167,0,6
78516884,28,84
78517288,26,59
78527998,7,8
78602833,19,6
104083564,14,0
106579680,40,3
106579877,24,33
106583027,4,32
106583236,30,20
106583253,115,0
106602377,29,0
106602378,9,8
106602387,14,10
106602409,17,8
106602429,31,22
106602434,26,21
106602455,14,0
106602472,95,26
106602537,108,21
106602560,125,59
700512809,15,26
973890261,3,2
973890285,0,23
974505245,10,115
974505246,8,7
974505247,44,2
974825065,0,0
974825066,12,2
974825067,0,7
974825068,10,0
974825069,13,5
974825070,32,23
974825071,1,46
974825072,39,24
974825078,71,1
976161212,8,32
976161214,14,72
977347297,128,5
977347326,4,0
977347328,36,13
977347329,8,0
977347330,4,6
977347331,36,0
977578618,8,3
977578627,18,11
977578630,22,16
979407423,42,9
1152573257,5,8
1152573258,8,5
1152573259,12,6
1152573260,6,100
1152782955,6,6
1152782956,8,28
1152782957,3,11
1152782958,11,68
1152782959,16,9
1152782960,27,59
1153088336,24,1
1153910366,12,66
1154149528,39,15
1154149529,1,18
1154149531,45,6
1154149534,3,20
1154149535,9,0
1154149537,2,16
1154149538,26,16
1154149539,95,49
1154149541,17,29
1154149542,24,12
1154149543,30,9
1154149544,41,31
1154149546,7,9
1154149547,21,7
1154149548,9,0
1154149549,8,1
1154149550,12,7
1154149551,3,4
1154149552,5,2
1154149553,3,3
1154149554,0,0
1154149555,6,4
1154149556,35,12
1154149557,8,7
1154149558,15,5
1154149559,2,48
1154149560,70,23
1188919625,28,4
1188919644,4,12
1189008573,4,11
1189008574,16,7
1189277576,35,11
1189277577,12,0
1189277578,3,13
1189277599,7,16
78588244,9,15
977578624,14,2
977660229,24,19
977660230,16,18
977660231,10,17
977660232,0,42
977660233,23,2
977660246,18,31
977660247,10,15
977660250,12,15
977660252,12,9
1152782929,0,18
1152782930,5,18
1152782931,1,1
1153910386,31,14
1153910387,21,18
1153910388,13,9
1153910389,30,26
1153910390,9,6
1153910392,39,8
1153910393,43,29
1189277572,60,54
1189277573,19,0
1189277574,2,0
1189277575,0,13
1189444162,5,13
1189444164,8,6
1532714765,1,1
1153910384,1,1
1153910385,9,14
