category,scope,note,source,as_of
low-water,Varley Lake,Low water: Varley Lake from Carl Wilson Lake; may not be passable; seek alternate route.,https://www.ontarioparks.ca/park/algonquin/alerts,2026-09-25
low-water,Latour Creek,Low water: Latour Creek north of Rosebary Lake (between P1370 and P845); near Tim River Access Point #2.,https://www.ontarioparks.ca/park/algonquin/alerts,2026-09-25
low-water,Carcajou Creek,Low water: Carcajou Creek north toward Greenleaf Lake; near Grand Lake/Achray Access Point #22.,https://www.ontarioparks.ca/park/algonquin/alerts,2026-09-25
low-water,Craig Lake,Low water reported at Craig Lake; may not be passable.,https://www.ontarioparks.ca/park/algonquin/alerts,2026-09-25
low-water,David Creek,Low water: David Creek off Mubwayaka Lake.,https://www.ontarioparks.ca/park/algonquin/alerts,2026-09-25
low-water,Timberwolf Lake,Low water: the creek between Timberwolf Lake and Misty Lake.,https://www.ontarioparks.ca/park/algonquin/alerts,2026-09-25
closure,Provoking Falls,Provoking Falls bridge (Highland Backpacking Trail) CLOSED; bridge removed; re-route adds ~2.5 km.,https://www.ontarioparks.ca/park/algonquin/alerts,2026-09-25
closure,Highview Cabin,Highview Ranger Cabin closed for the 2026 season for repairs.,https://www.ontarioparks.ca/park/algonquin/alerts,2026-09-25
permit,park-wide,Interior (backcountry) camping requires an advance reservation and backcountry permit via Ontario Parks reservation service.,https://reservations.ontarioparks.ca,2026-09-24
info,park-wide,Every portage is signed with a yellow sign listing the connecting water bodies and the portage length in metres.,https://www.algonquinpark.on.ca/visit/camping/portages.php,2026-09-24
info,park-wide,29 official backcountry access points ring the park and the Highway 60 corridor.,https://www.algonquinpark.on.ca/visit/camping/access-points-for-backcountry-canoeing.php,2026-09-24
