lat,lon,elev
45.203966,-78.151777,373.0
45.205785,-78.153611,379.0
45.205885,-78.153657,382.0
45.206381,-78.153859,382.0
45.207832,-78.157284,394.0
45.20804,-78.157471,394.0
45.208275,-78.160609,383.0
45.20841,-78.158121,398.0
45.212705,-78.168492,403.0
45.215136,-78.170158,402.0
45.217137,-78.223216,433.0
45.218215,-78.221954,445.0
45.218989,-78.171053,396.0
45.219815,-78.208814,426.0
45.220147,-78.171042,400.0
45.220916,-78.220478,437.0
45.222374,-78.201727,428.0
45.223041,-78.225709,455.0
45.224295,-78.2277,446.0
45.226386,-78.178185,401.0
45.226861,-78.179422,403.0
45.227034,-78.199494,393.0
45.237612,-78.22492,404.0
45.239988,-78.215587,416.0
45.258271,-78.233913,406.0
45.272757,-78.236705,426.0
45.279655,-78.240484,429.0
45.280244,-78.240577,413.0
45.292307,-78.243536,426.0
45.309643,-78.244597,418.0
45.327847,-78.250841,431.0
45.331238,-78.25226,420.0
45.336274,-78.25738,420.0
45.340505,-78.265487,452.0
45.34673,-78.270618,462.0
45.356288,-78.267251,420.0
45.356719,-78.440147,471.0
45.359206,-78.570378,432.0
45.362972,-78.439584,461.0
45.366461,-78.319725,423.0
45.367114,-78.302936,433.0
45.367978,-78.57554,439.0
45.369178,-78.451056,475.0
45.36924,-78.452347,475.0
45.371048,-78.45363,473.0
45.371224,-78.452261,465.0
45.371868,-78.25289,447.0
45.372926,-78.279264,436.0
45.373254,-78.278348,438.0
45.376109,-78.246222,444.0
45.376196,-78.445035,465.0
45.376295,-78.444949,465.0
45.376739,-78.329281,431.0
45.376748,-78.442789,480.0
45.377586,-78.330618,431.0
45.377705,-78.447525,463.0
45.378741,-78.578993,442.0
45.3789,-78.579304,442.0
45.381636,-78.471922,463.0
45.381943,-78.241099,423.0
45.382601,-78.338483,435.0
45.382983,-78.270155,436.0
45.383227,-78.473019,456.0
45.384708,-78.471946,467.0
45.385348,-78.47019,463.0
45.386314,-78.38981,455.0
45.386498,-78.257046,437.0
45.386591,-78.250338,432.0
45.389796,-78.345975,427.0
45.390475,-78.586505,440.0
45.391283,-78.297478,436.0
45.394061,-78.471537,454.0
45.394427,-78.579255,460.0
45.394667,-78.282733,443.0
45.394746,-78.277565,446.0
45.394843,-78.574793,455.0
45.396039,-78.47207,443.0
45.397329,-78.56447,451.0
45.398003,-78.376714,424.0
45.399832,-78.594425,440.0
45.40074,-78.27136,443.0
45.401249,-78.269041,441.0
45.401882,-78.306673,442.0
45.403717,-78.566586,471.0
45.405414,-78.307564,452.0
45.406422,-78.468982,442.0
45.408011,-78.467114,456.0
45.408887,-78.30919,439.0
45.40995,-78.596304,440.0
45.411882,-78.311157,451.0
45.412384,-78.860227,409.0
45.413175,-78.860265,410.0
45.416573,-78.59543,499.0
45.417038,-78.312127,439.0
45.417373,-78.567695,485.0
45.419478,-78.567857,483.0
45.420425,-78.576107,496.0
45.42114,-78.316888,444.0
45.421619,-78.576227,487.0
45.422923,-78.407677,452.0
45.42315,-78.317666,444.0
45.423601,-78.581294,507.0
45.424295,-78.579186,492.0
45.424619,-78.580653,497.0
45.425776,-78.574562,485.0
45.426335,-78.807167,414.0
45.427189,-78.467091,454.0
45.427192,-78.805287,413.0
45.428394,-78.795729,419.0
45.428742,-78.469363,451.0
45.429909,-78.587163,481.0
45.429958,-78.385976,434.0
45.43139,-78.593944,493.0
45.431417,-78.382986,420.0
45.43172,-78.505911,482.0
45.432225,-78.356094,430.0
45.433366,-78.358433,415.0
45.433439,-78.380658,421.0
45.433669,-78.32104,456.0
45.434129,-78.506126,483.0
45.434182,-78.556881,477.0
45.435299,-78.788962,415.0
45.435868,-78.547901,489.0
45.436622,-78.542024,477.0
45.436713,-78.540434,497.0
45.4373,-78.595312,494.0
45.438697,-78.596738,477.0
45.438708,-78.780019,429.0
45.439378,-78.829012,426.0
45.439833,-78.829922,419.0
45.440001,-78.778517,424.0
45.441382,-78.479452,458.0
45.443417,-78.827939,422.0
45.443559,-78.504833,499.0
45.443859,-78.327091,441.0
45.444929,-78.829036,413.0
45.444965,-78.470823,443.0
45.445734,-78.552895,482.0
45.447139,-78.594906,487.0
45.448209,-78.593135,487.0
45.448592,-78.563654,495.0
45.449512,-78.558691,465.0
45.450561,-78.475185,461.0
45.450662,-78.474719,472.0
45.451512,-78.493164,434.0
45.452101,-78.573709,480.0
45.452784,-78.498211,434.0
45.452969,-78.741538,423.0
45.454786,-78.740744,415.0
45.455796,-78.610193,494.0
45.456247,-78.334339,449.0
45.457026,-78.736777,419.0
45.458655,-78.612605,476.0
45.460955,-78.37778,402.0
45.460961,-78.460077,433.0
45.463703,-78.298168,393.0
45.465695,-78.723805,423.0
45.466654,-78.359564,404.0
45.466657,-78.617313,489.0
45.466734,-78.296346,390.0
45.467309,-78.618222,492.0
45.46848,-78.309657,410.0
45.468902,-78.339955,408.0
45.469099,-78.350874,395.0
45.469183,-78.351966,400.0
45.470067,-78.620799,445.0
45.471035,-78.621186,431.0
45.471475,-78.583688,486.0
45.47148,-78.576625,480.0
45.471629,-78.32026,453.0
45.471829,-78.58421,480.0
45.47212,-78.720944,420.0
45.47224,-78.575147,489.0
45.472504,-78.773471,415.0
45.472787,-78.77372,415.0
45.472822,-78.773629,415.0
45.473343,-78.774223,413.0
45.473664,-78.714604,433.0
45.475678,-78.579515,497.0
45.476134,-78.676549,459.0
45.476814,-78.396198,418.0
45.477281,-78.710843,420.0
45.47765,-78.662522,461.0
45.477962,-78.515573,453.0
45.478224,-78.679424,452.0
45.478491,-78.579347,493.0
45.478668,-78.381245,436.0
45.479,-78.665867,448.0
45.479412,-78.37402,471.0
45.479839,-78.396993,402.0
45.48021,-78.670314,454.0
45.480342,-78.702483,424.0
45.480451,-78.696389,424.0
45.480457,-78.580855,497.0
45.480719,-78.676547,454.0
45.480974,-78.679427,462.0
45.481573,-78.767412,416.0
45.481603,-78.655506,452.0
45.481625,-78.653771,451.0
45.48178,-78.583989,469.0
45.48207,-78.765255,433.0
45.48231,-78.515177,482.0
45.482557,-78.556624,472.0
45.482688,-78.557283,482.0
45.482872,-78.585836,481.0
45.483048,-78.680075,447.0
45.483441,-78.764379,427.0
45.484882,-78.438735,434.0
45.486462,-78.772663,426.0
45.486558,-78.540493,482.0
45.486851,-78.68273,453.0
45.488124,-78.515932,495.0
45.488495,-78.683352,441.0
45.489148,-78.589753,450.0
45.490541,-78.512555,439.0
45.490592,-78.536174,439.0
45.490835,-78.536147,439.0
45.490906,-78.535492,439.0
45.49192,-78.534631,439.0
45.492032,-78.534967,439.0
45.492744,-78.356543,408.0
45.492786,-78.3553,410.0
45.492849,-78.40937,397.0
45.492893,-78.589794,460.0
45.493628,-78.681775,419.0
45.493754,-78.751508,419.0
45.493886,-78.655624,442.0
45.495202,-78.656085,419.0
45.495494,-78.749984,417.0
45.497084,-78.591188,456.0
45.498739,-78.535137,443.0
45.499909,-78.53474,440.0
45.499918,-78.862744,487.0
45.500453,-78.849947,456.0
45.501667,-78.596911,474.0
45.502934,-78.598521,463.0
45.504065,-78.600086,464.0
45.512207,-78.600022,452.0
45.512208,-78.561243,448.0
45.512886,-78.824406,454.0
45.514332,-78.299643,431.0
45.514549,-78.562152,422.0
45.515128,-78.606118,465.0
45.515129,-78.811289,469.0
45.515477,-78.601946,477.0
45.51552,-78.806353,468.0
45.515912,-78.283723,392.0
45.516625,-78.803376,465.0
45.516924,-78.536699,438.0
45.517406,-78.306206,418.0
45.517771,-78.80333,478.0
45.517916,-78.39929,406.0
45.518028,-78.399277,406.0
45.518797,-78.791068,510.0
45.518866,-78.826013,489.0
45.519139,-78.785639,502.0
45.519176,-78.802361,497.0
45.519406,-78.306867,429.0
45.520064,-78.826631,476.0
45.520363,-78.569315,438.0
45.520483,-78.778048,499.0
45.520783,-78.308419,447.0
45.52085,-78.826638,470.0
45.522178,-78.768178,479.0
45.522553,-78.803368,503.0
45.522663,-78.384705,427.0
45.522817,-78.383599,418.0
45.522928,-78.545508,425.0
45.523037,-78.803994,503.0
45.523553,-78.597528,478.0
45.524315,-78.31662,436.0
45.524884,-78.563632,427.0
45.524949,-78.826605,474.0
45.524967,-78.563368,427.0
45.525688,-78.657381,453.0
45.525747,-78.921602,388.0
45.525905,-78.660797,464.0
45.525972,-78.5618,439.0
45.526044,-78.561771,439.0
45.526453,-78.339525,436.0
45.526521,-78.654978,457.0
45.526532,-78.332773,455.0
45.528321,-78.76475,499.0
45.528638,-78.800793,500.0
45.529163,-78.669288,424.0
45.52918,-78.593038,428.0
45.52923,-78.828014,495.0
45.529585,-78.782545,519.0
45.529645,-78.766246,498.0
45.529677,-78.827589,495.0
45.530128,-78.771865,511.0
45.53022,-78.797624,519.0
45.530358,-78.826885,491.0
45.530602,-78.332774,436.0
45.530906,-78.58188,428.0
45.53104,-78.735516,445.0
45.532413,-78.796642,512.0
45.532532,-78.70387,431.0
45.532603,-78.635655,461.0
45.532877,-78.702381,421.0
45.533277,-78.701658,425.0
45.533362,-78.728434,435.0
45.533366,-78.804995,512.0
45.53386,-78.815006,489.0
45.533961,-78.7063,434.0
45.534022,-78.791043,510.0
45.534165,-78.723346,446.0
45.534232,-78.82157,498.0
45.534259,-78.679516,433.0
45.534576,-78.383581,416.0
45.534745,-78.705174,425.0
45.534814,-78.634614,432.0
45.534833,-78.705223,425.0
45.535387,-78.754383,484.0
45.535601,-78.547359,425.0
45.536309,-78.920958,433.0
45.536511,-78.546154,417.0
45.536845,-78.840109,468.0
45.537354,-78.821368,453.0
45.538118,-78.631632,439.0
45.538303,-78.918869,402.0
45.538518,-78.54572,424.0
45.53878,-78.544376,423.0
45.538962,-78.630853,428.0
45.539378,-78.386955,409.0
45.539826,-78.800805,455.0
45.54151,-78.797939,456.0
45.541526,-78.797742,456.0
45.543296,-78.32775,462.0
45.54351,-78.852225,500.0
45.544733,-78.8535,512.0
45.545925,-78.676084,464.0
45.545971,-78.853766,504.0
45.546505,-78.619003,438.0
45.546791,-78.670788,466.0
45.547025,-78.567044,450.0
45.547072,-78.908887,449.0
45.547484,-78.565866,442.0
45.547678,-78.561986,437.0
45.54768,-78.565024,439.0
45.547741,-78.569008,428.0
45.547861,-78.561939,437.0
45.547896,-78.561593,434.0
45.548089,-78.559966,413.0
45.548178,-78.666836,458.0
45.549291,-78.621336,440.0
45.549651,-78.856805,517.0
45.550122,-78.866743,513.0
45.550302,-78.327734,467.0
45.550937,-78.78564,470.0
45.552112,-78.869159,519.0
45.553283,-78.788777,450.0
45.553425,-78.625339,445.0
45.554634,-78.33635,437.0
45.554677,-78.62487,434.0
45.554749,-78.871281,494.0
45.55525,-78.585748,437.0
45.555877,-78.341159,456.0
45.556017,-78.882498,504.0
45.556764,-78.893539,441.0
45.556898,-78.369013,406.0
45.557092,-78.625953,444.0
45.557437,-78.626133,444.0
45.558276,-78.52031,401.0
45.558306,-78.36668,420.0
45.558461,-78.520161,409.0
45.559244,-78.518344,425.0
45.559262,-78.518062,414.0
45.559663,-78.587135,442.0
45.559996,-78.782187,449.0
45.560558,-78.871942,509.0
45.561105,-78.633046,454.0
45.561311,-78.633265,454.0
45.561416,-78.633199,454.0
45.561899,-78.774664,465.0
45.562666,-78.438735,400.0
45.563114,-78.438569,400.0
45.563145,-78.438557,400.0
45.563522,-78.310491,457.0
45.563589,-78.362854,413.0
45.563844,-78.87451,491.0
45.564038,-78.768192,456.0
45.564267,-78.632066,448.0
45.564439,-78.349374,415.0
45.56448,-78.63232,448.0
45.564932,-78.450671,400.0
45.565305,-78.490282,443.0
45.565309,-78.490209,443.0
45.565434,-78.360145,444.0
45.565535,-78.297133,488.0
45.565873,-78.451923,396.0
45.566022,-78.489319,457.0
45.567221,-78.867488,487.0
45.567343,-78.866598,501.0
45.567447,-78.512396,400.0
45.567816,-78.512405,396.0
45.567856,-78.760435,486.0
45.569153,-78.850387,509.0
45.569233,-78.850522,508.0
45.569418,-78.86507,534.0
45.570014,-78.863109,522.0
45.570249,-78.43859,414.0
45.570475,-78.861682,521.0
45.570608,-78.756851,484.0
45.570797,-78.841241,515.0
45.570932,-78.841103,510.0
45.571587,-78.482813,398.0
45.571848,-78.437827,400.0
45.571892,-78.719469,434.0
45.572317,-78.437471,393.0
45.572522,-78.437516,393.0
45.573594,-78.292685,452.0
45.573628,-78.639406,461.0
45.574254,-78.719061,422.0
45.576276,-78.817449,507.0
45.576308,-78.816617,511.0
45.576658,-78.823701,504.0
45.576704,-78.817152,512.0
45.576723,-78.815988,513.0
45.576764,-78.815462,505.0
45.576962,-78.299746,489.0
45.577198,-78.82467,523.0
45.57759,-78.642584,448.0
45.578221,-78.827164,516.0
45.578316,-78.827872,509.0
45.579282,-78.729586,421.0
45.579583,-78.434849,393.0
45.580369,-78.645168,468.0
45.581118,-78.830881,516.0
45.581553,-78.757418,464.0
45.582621,-78.731377,429.0
45.58281,-78.452628,422.0
45.583342,-78.751841,458.0
45.584836,-78.427808,412.0
45.58521,-78.316643,484.0
45.585647,-78.733278,427.0
45.585962,-78.326115,463.0
45.586627,-78.590377,448.0
45.5868,-78.59844,474.0
45.587016,-78.599526,462.0
45.587085,-78.425828,408.0
45.587303,-78.649065,459.0
45.587407,-78.611089,486.0
45.587652,-78.611306,483.0
45.588602,-78.301997,430.0
45.589036,-78.595269,478.0
45.589479,-78.312892,424.0
45.589799,-78.760672,466.0
45.590145,-78.37556,425.0
45.590625,-78.421948,432.0
45.590659,-78.757832,469.0
45.591783,-78.90419,450.0
45.591967,-78.834817,482.0
45.592049,-78.903739,453.0
45.593033,-78.901731,447.0
45.593655,-78.32528,423.0
45.593725,-78.290476,444.0
45.59383,-78.767031,467.0
45.594481,-78.897326,469.0
45.594945,-78.169449,419.0
45.594967,-78.643222,464.0
45.595085,-78.417118,432.0
45.595487,-78.895462,477.0
45.595851,-78.747376,430.0
45.596536,-78.749313,448.0
45.596826,-78.409451,454.0
45.597552,-78.750164,440.0
45.597749,-78.168827,422.0
45.598129,-78.640981,464.0
45.598438,-78.75093,440.0
45.599229,-78.398985,457.0
45.599442,-78.750322,433.0
45.599489,-78.607483,486.0
45.599557,-78.751867,440.0
45.600025,-78.731424,422.0
45.600461,-78.892511,474.0
45.600481,-78.381085,443.0
45.601796,-78.168705,431.0
45.601861,-78.776868,470.0
45.602351,-78.395163,480.0
45.602359,-78.831547,465.0
45.603455,-78.169715,420.0
45.604163,-78.756658,452.0
45.604269,-78.756656,452.0
45.604708,-78.925775,447.0
45.604852,-78.92803,446.0
45.605211,-78.211184,416.0
45.605339,-78.927916,457.0
45.605449,-78.624113,470.0
45.605749,-78.211993,411.0
45.605817,-78.202139,417.0
45.606226,-78.38482,452.0
45.606487,-78.606464,472.0
45.606527,-78.396413,459.0
45.607283,-78.199729,417.0
45.607626,-78.781574,444.0
45.608755,-78.401356,440.0
45.609493,-78.217545,423.0
45.610511,-78.227425,425.0
45.61056,-78.611002,484.0
45.610718,-78.783647,450.0
45.613213,-78.693472,435.0
45.613429,-78.836185,475.0
45.614773,-78.685939,443.0
45.614928,-78.83968,465.0
45.61558,-78.690348,426.0
45.615672,-78.84825,474.0
45.615891,-78.778426,437.0
45.615938,-78.597381,496.0
45.616117,-78.844078,476.0
45.617074,-78.227204,432.0
45.617362,-78.460944,468.0
45.617854,-78.772915,440.0
45.617899,-78.466708,445.0
45.618444,-78.828755,464.0
45.61879,-78.596392,501.0
45.618967,-78.770941,448.0
45.618985,-78.930493,439.0
45.619242,-78.464752,459.0
45.619329,-78.595991,494.0
45.621881,-78.592342,468.0
45.622313,-78.762904,439.0
45.62252,-78.682477,436.0
45.622774,-78.682274,436.0
45.622926,-78.680271,445.0
45.623561,-78.461971,459.0
45.623725,-78.794848,438.0
45.623817,-78.69491,423.0
45.623971,-78.796081,453.0
45.624033,-78.783023,439.0
45.624237,-78.769013,456.0
45.624817,-78.758434,447.0
45.625241,-78.222749,391.0
45.625766,-78.229686,405.0
45.625778,-78.823486,457.0
45.625865,-78.77165,459.0
45.62615,-78.780182,461.0
45.626269,-78.773617,459.0
45.627222,-78.774078,452.0
45.627726,-78.443045,455.0
45.627737,-78.75373,445.0
45.627938,-78.752977,443.0
45.628038,-78.752846,443.0
45.628309,-78.801268,464.0
45.628609,-78.801304,448.0
45.629064,-78.235972,424.0
45.629298,-78.588946,481.0
45.629645,-78.367109,413.0
45.630119,-78.894197,457.0
45.631028,-78.88856,483.0
45.631111,-78.900785,471.0
45.633168,-78.906304,439.0
45.633209,-78.449298,458.0
45.633755,-78.738536,435.0
45.63514,-78.09089,428.0
45.635162,-78.92185,460.0
45.636994,-78.455477,454.0
45.637225,-78.356591,415.0
45.637458,-78.2304,424.0
45.637633,-78.687248,436.0
45.639202,-78.091361,401.0
45.63924,-78.935381,473.0
45.639359,-78.363497,414.0
45.639448,-78.881044,465.0
45.639497,-78.738506,436.0
45.639958,-78.906123,448.0
45.640395,-78.718957,438.0
45.64079,-78.685809,434.0
45.641582,-78.821524,458.0
45.64159,-78.809166,450.0
45.641747,-78.820893,453.0
45.642001,-78.043991,396.0
45.642154,-78.944885,483.0
45.642249,-78.903723,448.0
45.642716,-77.916239,372.0
45.643566,-78.808694,456.0
45.643729,-78.602006,431.0
45.644657,-78.342566,458.0
45.644691,-78.457803,461.0
45.644718,-78.826398,459.0
45.644874,-78.04733,385.0
45.644922,-78.711928,457.0
45.645219,-78.223421,431.0
45.645227,-78.826593,451.0
45.645271,-78.457543,466.0
45.646372,-78.799731,456.0
45.646634,-78.35675,497.0
45.646883,-78.454333,497.0
45.646909,-78.604943,446.0
45.64796,-78.606095,429.0
45.64832,-78.704244,443.0
45.648547,-78.760153,431.0
45.648702,-78.216507,440.0
45.648962,-78.953862,443.0
45.650039,-78.835198,456.0
45.65019,-78.448867,478.0
45.650257,-78.20155,402.0
45.650589,-78.70526,439.0
45.650626,-78.211408,420.0
45.651143,-77.918494,351.0
45.651241,-77.918486,351.0
45.651244,-78.79156,464.0
45.651761,-78.205268,410.0
45.652555,-78.983813,481.0
45.652561,-78.152817,413.0
45.65267,-78.160445,404.0
45.652974,-78.900841,462.0
45.653678,-78.867101,455.0
45.654188,-78.705652,456.0
45.655757,-78.983827,449.0
45.656685,-78.902269,451.0
45.656901,-78.685184,436.0
45.657449,-78.686438,431.0
45.658647,-78.138093,397.0
45.659019,-78.702793,444.0
45.659085,-78.860058,457.0
45.659426,-78.137343,385.0
45.659505,-78.784,475.0
45.66018,-78.8922,458.0
45.660623,-78.886998,464.0
45.660858,-78.089442,389.0
45.661072,-78.083612,442.0
45.661215,-78.884515,450.0
45.661397,-78.966896,448.0
45.661525,-78.660633,436.0
45.661672,-78.686153,438.0
45.661719,-78.136121,402.0
45.661876,-78.882445,457.0
45.661938,-78.675862,441.0
45.662634,-78.697163,435.0
45.662658,-78.670543,463.0
45.662838,-78.682045,456.0
45.662849,-78.680267,443.0
45.66286,-78.678824,454.0
45.663091,-78.099933,390.0
45.663181,-78.666232,458.0
45.663824,-77.872541,363.0
45.663857,-78.238377,398.0
45.66406,-78.07899,449.0
45.664142,-78.969506,447.0
45.664459,-78.780612,432.0
45.664746,-77.917126,344.0
45.664881,-77.917029,344.0
45.666143,-78.193693,395.0
45.666271,-77.966012,365.0
45.666932,-78.865394,470.0
45.667159,-78.244382,393.0
45.667749,-78.982432,460.0
45.667786,-78.612443,445.0
45.667982,-78.972843,456.0
45.668136,-78.13468,404.0
45.668551,-78.972654,461.0
45.668704,-78.701375,444.0
45.668711,-78.869008,458.0
45.668729,-78.246128,398.0
45.668922,-78.982137,447.0
45.669396,-77.974902,361.0
45.669948,-78.943062,448.0
45.670303,-78.077114,396.0
45.670341,-78.247841,397.0
45.67054,-78.103179,406.0
45.671232,-78.87089,464.0
45.671373,-77.978741,384.0
45.672757,-78.605671,429.0
45.673555,-78.706039,453.0
45.67367,-78.970462,460.0
45.673781,-77.907519,429.0
45.673834,-78.88353,459.0
45.673888,-78.142375,407.0
45.673897,-78.867147,458.0
45.673901,-77.934443,351.0
45.674476,-78.251383,398.0
45.67451,-77.984023,365.0
45.674685,-77.871001,338.0
45.674797,-78.884566,455.0
45.675387,-78.251868,391.0
45.675654,-78.968278,455.0
45.676572,-78.112135,469.0
45.676644,-78.857555,460.0
45.676849,-78.786808,454.0
45.677002,-77.908971,386.0
45.677082,-78.254886,398.0
45.678326,-78.922622,464.0
45.678417,-78.852879,475.0
45.678821,-78.110043,401.0
45.679101,-78.759985,432.0
45.67917,-78.256205,404.0
45.679219,-78.842429,469.0
45.67942,-78.098134,411.0
45.679538,-78.921919,456.0
45.679744,-78.838357,470.0
45.67981,-78.789968,424.0
45.680068,-77.908528,386.0
45.680122,-77.897444,422.0
45.680467,-78.951032,446.0
45.680521,-77.928612,410.0
45.681004,-78.754506,435.0
45.68108,-77.884684,383.0
45.68148,-78.261523,400.0
45.681565,-77.890603,390.0
45.681861,-78.193709,462.0
45.681938,-78.88806,462.0
45.683038,-78.83052,471.0
45.683069,-78.711173,425.0
45.683369,-78.096165,410.0
45.683454,-78.909677,461.0
45.683512,-78.750594,441.0
45.683977,-77.877058,345.0
45.684429,-78.139433,401.0
45.684928,-78.904834,442.0
45.686618,-78.0806,413.0
45.687424,-78.807517,437.0
45.687779,-78.708909,428.0
45.688105,-78.890623,436.0
45.688124,-78.078772,412.0
45.688251,-78.74468,412.0
45.689337,-78.26558,401.0
45.69032,-78.830091,416.0
45.690716,-78.816484,416.0
45.691122,-78.075487,414.0
45.691541,-78.201688,470.0
45.693542,-78.84799,447.0
45.694238,-78.859139,442.0
45.695311,-78.867041,450.0
45.695316,-78.70531,398.0
45.695849,-78.074094,413.0
45.696678,-78.202075,456.0
45.698546,-78.273739,412.0
45.698822,-78.274702,408.0
45.699101,-78.071674,413.0
45.699341,-78.787944,432.0
45.700146,-78.952853,475.0
45.700466,-78.78828,416.0
45.700515,-77.991445,375.0
45.700879,-78.200533,467.0
45.702029,-77.982991,382.0
45.705482,-78.954945,460.0
45.705818,-78.200711,468.0
45.706658,-78.606694,439.0
45.707535,-78.378906,415.0
45.707684,-78.37752,416.0
45.708126,-78.608208,426.0
45.708729,-78.800554,429.0
45.708889,-78.052152,393.0
45.709016,-78.877842,443.0
45.709403,-78.913701,446.0
45.70947,-77.982415,449.0
45.709843,-78.610315,431.0
45.710322,-78.907623,465.0
45.710532,-78.951477,467.0
45.711257,-78.951773,453.0
45.711498,-78.20315,458.0
45.712194,-78.613531,428.0
45.712489,-77.978874,449.0
45.712665,-78.431364,459.0
45.712973,-78.806061,420.0
45.713045,-78.757141,416.0
45.713105,-78.050966,387.0
45.713245,-78.011053,374.0
45.713313,-78.050794,368.0
45.713594,-78.703669,408.0
45.714229,-78.812047,455.0
45.714365,-78.748344,432.0
45.714697,-78.705368,407.0
45.714717,-78.815831,429.0
45.715171,-78.705913,415.0
45.715426,-78.016242,377.0
45.715797,-78.565451,429.0
45.716068,-78.706967,415.0
45.716376,-78.201364,457.0
45.716455,-78.616133,437.0
45.71725,-78.028654,378.0
45.717671,-78.025008,385.0
45.71787,-78.196281,466.0
45.718006,-77.969707,437.0
45.718996,-78.615619,422.0
45.719844,-78.56221,442.0
45.720218,-78.734599,437.0
45.720447,-78.819755,443.0
45.720654,-78.42873,416.0
45.720797,-78.732896,421.0
45.720887,-78.887069,465.0
45.721618,-78.889353,449.0
45.722238,-78.951723,469.0
45.72252,-78.192075,437.0
45.722928,-78.722518,414.0
45.72318,-78.877595,462.0
45.723393,-78.71916,423.0
45.723874,-78.554441,436.0
45.724282,-78.706768,423.0
45.725422,-78.707657,410.0
45.72598,-78.953423,466.0
45.728045,-78.53368,435.0
45.728105,-78.955789,480.0
45.728967,-78.967653,463.0
45.729079,-78.818702,427.0
45.729175,-78.541036,442.0
45.72936,-78.955626,458.0
45.730093,-78.61407,437.0
45.730801,-78.956537,458.0
45.731359,-78.524136,435.0
45.731507,-78.987848,497.0
45.731937,-78.984743,497.0
45.732096,-78.974994,489.0
45.732503,-78.79652,429.0
45.732664,-77.99507,450.0
45.732718,-78.792781,438.0
45.732842,-78.87122,441.0
45.732855,-78.913711,462.0
45.733183,-78.871864,445.0
45.734179,-78.775862,445.0
45.734265,-78.780963,430.0
45.73468,-78.868339,442.0
45.735022,-78.612196,430.0
45.735874,-78.199605,451.0
45.736856,-78.610981,410.0
45.737636,-78.453252,421.0
45.737645,-78.611499,404.0
45.739457,-79.001905,448.0
45.740713,-79.004652,455.0
45.741998,-79.007274,450.0
45.742207,-78.008876,371.0
45.743209,-78.064132,368.0
45.743812,-78.069828,380.0
45.744284,-79.013386,474.0
45.745245,-78.476524,435.0
45.746313,-78.300852,401.0
45.747203,-79.017394,480.0
45.747218,-78.081138,383.0
45.747529,-79.024748,448.0
45.747561,-78.30335,406.0
45.748103,-79.021598,489.0
45.748198,-78.299,415.0
45.750223,-78.489376,444.0
45.750695,-78.097906,370.0
45.752066,-78.902355,445.0
45.75324,-78.931757,453.0
45.753838,-78.903134,438.0
45.753913,-78.104014,381.0
45.754398,-78.439417,423.0
45.754946,-79.035653,459.0
45.756079,-78.526684,457.0
45.7564,-77.723968,296.0
45.756902,-78.419948,421.0
45.756954,-79.038311,459.0
45.757587,-78.419606,417.0
45.757916,-78.529956,436.0
45.758017,-78.989465,459.0
45.758235,-77.728396,289.0
45.758377,-78.420117,432.0
45.758398,-78.990781,457.0
45.759106,-78.279295,420.0
45.759251,-77.71883,297.0
45.75943,-78.282319,407.0
45.760022,-78.482525,430.0
45.760091,-78.41906,431.0
45.760228,-78.41912,431.0
45.76115,-79.037155,460.0
45.762664,-78.408281,392.0
45.762693,-78.519778,447.0
45.763047,-77.71479,274.0
45.763047,-78.271419,412.0
45.7631,-78.520335,436.0
45.763253,-79.03808,451.0
45.764839,-79.045153,460.0
45.765187,-78.845817,458.0
45.765485,-78.843534,454.0
45.765927,-78.838174,439.0
45.766541,-78.831868,458.0
45.766565,-77.738434,299.0
45.766617,-78.451953,422.0
45.766846,-78.926097,445.0
45.766961,-77.711277,281.0
45.767495,-79.054057,469.0
45.767862,-79.055995,476.0
45.767963,-77.70914,254.0
45.768248,-78.130701,385.0
45.768707,-78.928665,441.0
45.769747,-78.197136,373.0
45.770524,-77.741239,285.0
45.771319,-78.727378,431.0
45.771417,-78.827495,457.0
45.771652,-78.828764,444.0
45.77191,-78.930157,460.0
45.772869,-78.685594,427.0
45.773157,-77.708661,274.0
45.773195,-78.821649,456.0
45.773225,-79.05994,457.0
45.773439,-77.708445,276.0
45.774122,-78.146032,401.0
45.77413,-77.742346,294.0
45.774378,-78.230632,419.0
45.774709,-77.743999,268.0
45.774948,-78.69704,411.0
45.775626,-78.817097,465.0
45.775767,-78.670006,409.0
45.776233,-79.060266,471.0
45.776525,-78.659852,398.0
45.777001,-77.710791,270.0
45.77712,-78.461979,429.0
45.777261,-78.803169,461.0
45.77749,-79.019393,444.0
45.777731,-79.057815,444.0
45.777921,-77.983586,306.0
45.778027,-77.983154,307.0
45.778148,-79.019708,444.0
45.778362,-78.762769,477.0
45.778414,-78.798652,464.0
45.779354,-78.786123,457.0
45.779432,-78.45384,421.0
45.779553,-77.710563,248.0
45.779874,-78.750708,457.0
45.779926,-79.027022,445.0
45.78012,-78.547253,447.0
45.780205,-79.025892,464.0
45.780351,-78.156391,373.0
45.780361,-78.220029,379.0
45.780521,-79.009923,450.0
45.781019,-79.007034,440.0
45.781231,-78.70912,415.0
45.781402,-78.466489,417.0
45.781849,-78.566002,407.0
45.782027,-78.922662,436.0
45.782069,-78.712613,416.0
45.782175,-79.002637,445.0
45.78274,-79.001425,450.0
45.782774,-78.542888,445.0
45.782976,-78.655048,418.0
45.783208,-77.97755,312.0
45.783346,-79.062558,446.0
45.784108,-79.062139,444.0
45.784248,-78.627413,416.0
45.785018,-78.657023,395.0
45.78729,-77.743742,283.0
45.787932,-78.669248,399.0
45.788159,-77.7448,268.0
45.788829,-79.068528,457.0
45.789504,-78.685847,419.0
45.790864,-78.901266,436.0
45.791272,-78.548978,431.0
45.791706,-77.978704,320.0
45.791937,-79.066926,451.0
45.792274,-77.747674,279.0
45.793524,-78.551761,454.0
45.793572,-77.976003,309.0
45.79392,-78.183796,389.0
45.794366,-79.06599,448.0
45.794516,-78.42927,392.0
45.795424,-79.065162,456.0
45.796033,-78.904583,420.0
45.796604,-78.553222,435.0
45.79774,-79.063005,477.0
45.797879,-78.945774,434.0
45.798786,-78.943201,431.0
45.798835,-78.17995,400.0
45.799193,-79.065479,451.0
45.802264,-78.55305,447.0
45.803223,-77.69807,260.0
45.804572,-78.621662,394.0
45.804649,-79.047025,467.0
45.808219,-77.75292,234.0
45.809046,-77.555916,322.0
45.809197,-78.566458,408.0
45.80971,-77.541009,300.0
45.811072,-78.161336,398.0
45.81223,-78.573085,414.0
45.81343,-78.92149,430.0
45.813898,-78.194572,373.0
45.814038,-78.924227,416.0
45.814703,-79.024192,428.0
45.815733,-77.539399,229.0
45.817251,-77.546791,236.0
45.81898,-78.211205,382.0
45.819565,-79.030866,426.0
45.819654,-78.211302,371.0
45.820421,-79.032024,421.0
45.820439,-78.583587,394.0
45.820815,-78.663449,395.0
45.820871,-78.185997,385.0
45.821223,-77.772455,247.0
45.821245,-78.663996,395.0
45.821644,-78.92819,417.0
45.822023,-77.776439,231.0
45.822252,-78.929304,418.0
45.822991,-79.042484,431.0
45.823231,-79.043227,429.0
45.823706,-77.558115,223.0
45.823724,-78.138556,406.0
45.823824,-78.62618,407.0
45.824131,-78.93482,421.0
45.824446,-77.813237,251.0
45.824842,-78.668153,406.0
45.824847,-78.936416,420.0
45.825611,-78.668134,411.0
45.826037,-78.057141,372.0
45.826678,-77.811876,246.0
45.827111,-78.634099,394.0
45.827411,-77.814234,251.0
45.827764,-77.564492,228.0
45.827791,-77.540025,236.0
45.828425,-77.538285,236.0
45.82876,-78.116714,358.0
45.828967,-78.125792,393.0
45.829618,-77.661694,225.0
45.830168,-77.543283,245.0
45.830698,-77.78901,234.0
45.831232,-77.775445,235.0
45.831501,-78.091459,341.0
45.831557,-77.790232,238.0
45.83281,-77.776266,231.0
45.832971,-79.065154,419.0
45.833096,-77.776675,248.0
45.833448,-77.557346,240.0
45.833629,-79.066323,416.0
45.833692,-78.081103,411.0
45.833802,-77.776654,221.0
45.83389,-78.067808,385.0
45.834148,-77.651995,240.0
45.834235,-78.408833,400.0
45.834407,-77.818776,241.0
45.834795,-77.679619,234.0
45.835039,-77.679695,244.0
45.835116,-78.086641,406.0
45.835212,-77.798393,238.0
45.835537,-77.776367,236.0
45.835721,-77.776232,236.0
45.835724,-78.407264,400.0
45.835957,-77.685806,221.0
45.835991,-78.009081,351.0
45.836461,-77.685909,221.0
45.837859,-77.551058,272.0
45.838723,-77.548789,262.0
45.839611,-78.51728,379.0
45.840693,-77.818843,245.0
45.841772,-78.457806,401.0
45.842343,-78.400318,408.0
45.842861,-77.990184,351.0
45.84296,-77.693402,229.0
45.843135,-77.817612,247.0
45.843318,-77.815799,248.0
45.843336,-77.693771,226.0
45.84348,-78.39971,397.0
45.844284,-78.500979,379.0
45.845225,-78.470374,428.0
45.845698,-78.398396,394.0
45.849241,-78.541233,398.0
45.849281,-79.083965,417.0
45.849482,-78.100499,341.0
45.850012,-78.54894,413.0
45.850759,-77.933756,308.0
45.850898,-77.830077,259.0
45.851343,-77.975618,315.0
45.851613,-78.103886,348.0
45.852202,-78.933071,412.0
45.852859,-77.833454,253.0
45.852941,-77.686461,221.0
45.853341,-78.923335,415.0
45.854017,-78.93293,417.0
45.854344,-77.669201,300.0
45.854523,-78.391214,398.0
45.85476,-77.75488,230.0
45.854976,-77.755405,221.0
45.855271,-77.8391,264.0
45.855374,-77.678071,275.0
45.85618,-77.672999,275.0
45.856232,-78.931072,415.0
45.856446,-77.688958,224.0
45.856842,-78.931215,420.0
45.857506,-77.738465,245.0
45.858381,-77.84697,268.0
45.858889,-77.695171,222.0
45.858949,-77.695098,222.0
45.858989,-77.852124,257.0
45.859071,-77.848871,254.0
45.859522,-77.85125,258.0
45.859656,-77.737513,237.0
45.859768,-77.948757,294.0
45.859818,-77.660758,274.0
45.859937,-77.857414,257.0
45.860188,-77.858107,254.0
45.860645,-79.108424,387.0
45.860828,-79.108687,403.0
45.860879,-77.556847,221.0
45.861004,-77.687985,199.0
45.861209,-77.555004,231.0
45.861815,-79.110604,404.0
45.864074,-77.871359,256.0
45.864088,-77.745354,230.0
45.864281,-78.889387,429.0
45.864311,-77.916905,286.0
45.864635,-79.116044,386.0
45.864653,-77.869001,264.0
45.864798,-77.745587,223.0
45.865021,-77.755453,221.0
45.865118,-77.747935,230.0
45.865244,-77.748496,228.0
45.865415,-77.948562,294.0
45.86561,-77.747399,225.0
45.865843,-77.922235,278.0
45.866062,-77.640985,207.0
45.897315,-79.041356,395.0
45.897357,-77.797437,285.0
45.897651,-78.195058,377.0
45.897795,-78.673332,419.0
45.899686,-78.183798,379.0
45.900101,-78.666929,417.0
45.900163,-79.045337,388.0
45.900186,-78.183127,385.0
45.900601,-78.593749,407.0
45.901043,-78.646303,432.0
45.901052,-78.661903,417.0
45.901503,-78.738836,384.0
45.901832,-78.181264,378.0
45.901838,-77.886624,221.0
45.901844,-77.886495,221.0
45.902017,-78.520798,421.0
45.902687,-79.05781,407.0
45.90269,-78.590376,416.0
45.90284,-78.523771,434.0
45.903505,-79.066669,401.0
45.90366,-78.179616,376.0
45.904619,-78.534581,384.0
45.904669,-78.178819,375.0
45.905058,-79.068823,397.0
45.905357,-79.059906,394.0
45.905451,-78.178484,389.0
45.905526,-78.58593,413.0
45.906181,-78.725948,362.0
45.90625,-78.177751,396.0
45.90636,-78.874733,422.0
45.906369,-78.71503,349.0
45.906417,-77.89389,224.0
45.906449,-78.585657,403.0
45.906455,-78.177473,374.0
45.907039,-78.562943,412.0
45.907105,-78.17582,368.0
45.907644,-78.88086,404.0
45.907772,-78.584763,412.0
45.907866,-78.577106,401.0
45.907875,-78.871166,413.0
45.907908,-78.581939,403.0
45.908239,-78.714387,366.0
45.908708,-78.55854,413.0
45.908914,-78.870159,431.0
45.909372,-79.069996,411.0
45.909589,-78.636815,437.0
45.9101,-78.594762,422.0
45.91044,-78.170878,347.0
45.912482,-78.606603,396.0
45.912742,-78.861624,427.0
45.912834,-78.161653,349.0
45.913106,-78.451813,386.0
45.913364,-78.627632,423.0
45.914349,-78.450172,408.0
45.914401,-79.070386,402.0
45.914534,-78.63386,423.0
45.915198,-78.714235,335.0
45.915927,-78.443633,384.0
45.915956,-78.848485,423.0
45.916111,-78.425501,355.0
45.916425,-78.441211,389.0
45.916898,-78.444124,383.0
45.917113,-79.071768,428.0
45.92074,-78.856586,407.0
45.921291,-78.915423,411.0
45.923053,-78.853702,407.0
45.923389,-79.078086,397.0
45.923442,-78.367056,352.0
45.923829,-78.852784,419.0
45.92432,-78.379779,362.0
45.926317,-79.076241,407.0
45.929229,-78.846212,385.0
45.930454,-78.016472,243.0
45.931242,-78.931057,374.0
45.93189,-78.106345,308.0
45.934022,-79.068612,361.0
45.934414,-79.112681,379.0
45.9345,-78.176287,279.0
45.934894,-79.109486,380.0
45.938301,-78.715808,339.0
45.93838,-78.754873,407.0
45.940495,-78.586209,401.0
45.940554,-78.961759,376.0
45.941383,-78.962515,368.0
45.942967,-78.964817,368.0
45.943434,-78.964773,368.0
45.94356,-78.733289,409.0
45.943567,-78.726409,409.0
45.944436,-78.585522,393.0
45.944865,-78.189052,280.0
45.94538,-78.570873,407.0
45.94544,-78.575986,393.0
45.946235,-78.964337,380.0
45.946263,-78.188128,280.0
45.946596,-78.766365,407.0
45.948275,-78.104114,253.0
45.948346,-78.112966,259.0
45.948529,-78.187277,285.0
45.948586,-78.963145,361.0
45.948627,-79.081794,384.0
45.948687,-78.102044,245.0
45.948815,-78.096567,250.0
45.949021,-78.091541,249.0
45.949277,-78.092375,241.0
45.949374,-78.129624,262.0
45.949578,-78.094107,252.0
45.949623,-78.820753,385.0
45.949739,-78.589326,415.0
45.949859,-79.083334,393.0
45.949869,-78.08672,235.0
45.950283,-78.083096,234.0
45.950979,-78.332205,336.0
45.951267,-78.819531,389.0
45.951356,-79.085687,389.0
45.951543,-79.086215,394.0
45.951851,-78.76229,447.0
45.952256,-78.153807,270.0
45.952462,-78.891796,377.0
45.952528,-78.185643,272.0
45.95289,-78.816328,388.0
45.953476,-79.086714,387.0
45.954142,-78.759051,447.0
45.954255,-78.15588,267.0
45.954467,-78.789819,404.0
45.955418,-78.186314,288.0
45.95558,-78.887409,375.0
45.956526,-78.184943,270.0
45.956656,-78.811577,388.0
45.956795,-78.796319,395.0
45.956901,-78.535152,410.0
45.957327,-78.078198,229.0
45.957395,-78.788054,419.0
45.957422,-78.534296,402.0
45.957462,-78.804577,387.0
45.95757,-78.886539,403.0
45.959515,-78.071694,225.0
45.959575,-77.643176,154.0
45.960268,-77.644667,154.0
45.96051,-78.06288,212.0
45.960923,-78.755297,394.0
45.960959,-78.185909,277.0
45.961461,-78.197355,270.0
45.961794,-78.18763,265.0
45.961872,-78.194976,275.0
45.962073,-78.509518,401.0
45.962159,-78.75525,413.0
45.962239,-78.781342,423.0
45.9629,-78.51024,391.0
45.963023,-79.028219,374.0
45.963619,-78.510538,381.0
45.964099,-79.078205,404.0
45.964338,-78.782509,395.0
45.964498,-78.50908,391.0
45.964635,-78.509074,391.0
45.96487,-78.509942,381.0
45.965179,-78.509713,388.0
45.965253,-78.75793,390.0
45.965797,-78.88572,397.0
45.965947,-78.436409,363.0
45.966206,-78.791747,401.0
45.966904,-78.871319,416.0
45.967656,-78.607707,332.0
45.967677,-78.885643,403.0
45.967954,-79.069136,404.0
45.968929,-78.626757,336.0
45.9692,-78.860563,419.0
45.969207,-78.763133,408.0
45.969349,-78.606795,338.0
45.969604,-78.630446,339.0
45.96969,-78.885464,407.0
45.970659,-78.619802,335.0
45.970662,-78.992458,367.0
45.970998,-79.062279,424.0
45.97109,-78.621691,332.0
45.971682,-79.046972,399.0
45.971812,-78.878148,412.0
45.972845,-78.596917,321.0
45.973052,-78.885159,409.0
45.973261,-78.793707,388.0
45.973295,-78.768866,386.0
45.973585,-78.796271,398.0
45.974603,-79.009136,381.0
45.974656,-78.99625,343.0
45.9747,-78.854516,421.0
45.97473,-78.799876,405.0
45.97564,-78.7673,397.0
45.97666,-78.765129,405.0
45.976897,-78.316613,282.0
45.976899,-78.821412,422.0
45.976914,-78.815052,412.0
45.977528,-78.835425,438.0
45.977819,-79.007253,343.0
45.977926,-78.226637,275.0
45.97928,-78.844755,429.0
45.979332,-78.236365,282.0
45.979491,-78.235125,281.0
45.979625,-78.231977,268.0
45.9801,-78.494047,358.0
45.980447,-78.764538,392.0
45.98138,-78.770361,391.0
45.982396,-78.885401,381.0
45.982407,-77.682674,159.0
45.982486,-78.524008,378.0
45.983635,-79.066411,419.0
45.984088,-78.247971,282.0
45.984425,-77.687032,154.0
45.986751,-78.430409,307.0
45.987557,-78.523209,366.0
45.989371,-78.251869,276.0
45.992424,-78.262181,277.0
45.992524,-79.104151,403.0
45.992536,-78.47744,355.0
45.992694,-79.106724,406.0
45.992863,-78.516629,366.0
45.992927,-78.257658,290.0
45.993034,-79.101772,390.0
45.993398,-79.077045,369.0
45.993759,-78.761555,399.0
45.994493,-79.097268,382.0
45.994676,-78.477013,347.0
45.996339,-78.744786,418.0
45.996526,-78.541843,319.0
45.997617,-78.738911,420.0
45.997625,-78.539811,343.0
45.998224,-79.112303,391.0
45.999131,-77.713578,181.0
45.999429,-78.739441,402.0
46.000283,-78.906841,384.0
46.000521,-78.528035,337.0
46.000781,-78.583172,393.0
46.001153,-78.586417,356.0
46.002866,-78.508249,308.0
46.003095,-78.483855,335.0
46.003781,-78.886291,385.0
46.003932,-78.9032,390.0
46.004972,-78.74482,409.0
46.005013,-78.412016,307.0
46.005573,-78.520586,313.0
46.005994,-78.930857,392.0
46.006007,-78.878832,392.0
46.006019,-78.569178,409.0
46.007775,-78.301572,300.0
46.008657,-78.87726,396.0
46.008921,-78.402791,322.0
46.009046,-78.482321,307.0
46.009335,-78.355057,296.0
46.010069,-78.383133,332.0
46.010227,-79.102893,372.0
46.011223,-78.816687,387.0
46.011468,-78.296065,291.0
46.011705,-78.860353,392.0
46.011939,-78.295241,292.0
46.012024,-78.376525,287.0
46.012186,-78.817719,379.0
46.012734,-78.362965,287.0
46.012828,-78.958887,343.0
46.014547,-78.730132,348.0
46.014574,-78.367546,305.0
46.014877,-78.561349,419.0
46.015715,-78.284202,306.0
46.015757,-78.286015,277.0
46.016512,-78.306099,295.0
46.018125,-78.313926,310.0
46.0182,-78.846266,378.0
46.018593,-78.570623,431.0
46.018901,-78.842499,382.0
46.019502,-78.574721,410.0
46.020968,-78.577265,423.0
46.021439,-78.280604,294.0
46.023514,-78.279255,303.0
46.023755,-78.573675,435.0
46.024335,-78.561951,427.0
46.02436,-77.757039,164.0
46.024401,-78.542426,430.0
46.024803,-78.279252,307.0
46.025209,-78.549535,418.0
46.025351,-79.094149,389.0
46.026076,-79.049809,362.0
46.026464,-78.278798,300.0
46.026619,-79.052243,351.0
46.026774,-78.090589,372.0
46.026809,-79.054653,354.0
46.02713,-79.030001,357.0
46.027635,-78.345619,371.0
46.02832,-79.028564,350.0
46.028787,-78.725161,367.0
46.030182,-78.391284,323.0
46.030486,-78.53117,307.0
46.03122,-78.277762,314.0
46.031354,-78.305916,379.0
46.031605,-79.066646,367.0
46.031672,-78.840444,387.0
46.031906,-78.327171,385.0
46.03234,-78.007054,212.0
46.032346,-79.089317,384.0
46.032439,-78.320523,386.0
46.032547,-78.841111,375.0
46.03264,-78.448649,318.0
46.032809,-78.327529,371.0
46.033036,-78.726291,334.0
46.033305,-77.771932,173.0
46.033521,-78.315136,406.0
46.033747,-78.276228,305.0
46.033949,-79.070166,371.0
46.03411,-78.845149,395.0
46.034425,-78.004671,233.0
46.03457,-78.146051,375.0
46.034716,-79.071774,372.0
46.035089,-78.16867,369.0
46.036814,-77.99788,254.0
46.037214,-78.60451,356.0
46.037318,-77.996651,212.0
46.039028,-78.600323,389.0
46.039142,-78.848871,345.0
46.040208,-78.853394,363.0
46.041027,-77.786779,170.0
46.041233,-78.170734,371.0
46.04125,-78.593523,368.0
46.042064,-78.76156,340.0
46.042563,-77.790082,198.0
46.042907,-77.815008,194.0
46.042915,-77.819159,198.0
46.042922,-77.820684,194.0
46.044005,-78.764627,334.0
46.044106,-78.750452,344.0
46.044297,-78.370328,369.0
46.044555,-78.855892,330.0
46.044739,-78.168758,352.0
46.044806,-78.284879,304.0
46.044966,-78.441597,433.0
46.044967,-77.832938,194.0
46.045814,-77.834273,191.0
46.046368,-78.262454,400.0
46.046416,-78.863022,335.0
46.046577,-78.590387,438.0
46.046839,-78.613643,367.0
46.047062,-78.658627,349.0
46.047242,-78.927521,343.0
46.047291,-78.927913,343.0
46.047474,-78.863644,337.0
46.047567,-78.972195,354.0
46.048123,-78.282604,313.0
46.048145,-77.885078,196.0
46.048202,-78.971302,348.0
46.048464,-78.369749,392.0
46.048762,-78.665771,350.0
46.0489,-78.923075,329.0
46.04894,-78.923227,329.0
46.048941,-78.93025,342.0
46.04909,-78.585616,429.0
46.049107,-77.87693,200.0
46.049172,-77.871116,231.0
46.049193,-78.864395,335.0
46.049336,-77.894284,191.0
46.049518,-77.869079,220.0
46.049671,-78.17528,353.0
46.049814,-78.920424,311.0
46.050018,-78.86651,335.0
46.050565,-78.2839,309.0
46.050683,-78.665739,333.0
46.050719,-78.175407,351.0
46.050773,-78.539772,310.0
46.050884,-77.865981,234.0
46.051012,-78.66373,325.0
46.051508,-78.757511,316.0
46.05213,-78.957593,351.0
46.053115,-78.794958,346.0
46.053345,-78.363768,401.0
46.053771,-78.622277,325.0
46.05389,-78.438197,443.0
46.054055,-78.579361,324.0
46.054229,-78.878968,339.0
46.054684,-78.759461,328.0
46.054702,-78.797962,338.0
46.055173,-78.362675,401.0
46.05697,-78.087424,388.0
46.057118,-78.621404,334.0
46.05757,-78.756719,353.0
46.057657,-78.459199,387.0
46.057736,-78.460038,383.0
46.057869,-78.352972,411.0
46.057891,-78.183742,365.0
46.058076,-78.620504,311.0
46.058238,-78.368035,411.0
46.058281,-78.452335,385.0
46.058653,-78.66683,328.0
46.058681,-78.521788,333.0
46.059301,-78.185468,352.0
46.05956,-78.883922,319.0
46.059609,-78.464844,390.0
46.060045,-78.348216,418.0
46.061501,-77.904685,210.0
46.061938,-78.619789,325.0
46.062038,-78.345378,404.0
46.062335,-78.434,432.0
46.06272,-78.601629,311.0
46.062798,-78.597321,312.0
46.063012,-78.430622,386.0
46.063572,-77.919395,217.0
46.064197,-77.923485,203.0
46.064573,-78.596794,316.0
46.064704,-77.906848,206.0
46.064911,-77.90686,206.0
46.064962,-78.363547,418.0
46.065131,-78.598073,318.0
46.065512,-78.46001,393.0
46.066016,-78.599573,316.0
46.066127,-78.599965,316.0
46.066326,-77.92788,205.0
46.066383,-78.647051,367.0
46.066565,-78.629742,357.0
46.066603,-78.607943,326.0
46.066713,-78.601866,309.0
46.066814,-78.512322,329.0
46.066814,-78.601875,309.0
46.067399,-78.606899,327.0
46.06801,-78.823893,349.0
46.068156,-78.511589,330.0
46.06858,-78.462989,367.0
46.069282,-78.365842,421.0
46.069307,-78.455946,398.0
46.069849,-78.462609,359.0
46.070476,-78.107138,363.0
46.072527,-78.464205,323.0
46.073435,-78.465551,325.0
46.075179,-78.380588,364.0
46.075774,-78.223092,362.0
46.075979,-78.825328,322.0
46.076027,-78.823553,321.0
46.076078,-78.18252,368.0
46.076629,-78.82803,315.0
46.078026,-78.836191,320.0
46.080911,-78.219303,352.0
46.082215,-78.192829,344.0
46.082776,-78.836007,302.0
46.083774,-78.200896,364.0
46.083949,-78.379384,372.0
46.084543,-78.380546,349.0
46.084586,-78.202834,352.0
46.084756,-78.480541,336.0
46.085546,-78.486501,326.0
46.086487,-78.277949,318.0
46.087291,-78.627896,315.0
46.087606,-78.628737,318.0
46.088062,-78.098327,327.0
46.088727,-78.278091,310.0
46.090083,-78.630998,317.0
46.090999,-78.631808,318.0
46.091205,-78.35212,357.0
46.091236,-78.35345,349.0
46.095744,-78.631855,325.0
46.096156,-78.63324,320.0
46.101137,-78.313292,357.0
46.101814,-78.293376,343.0
46.10224,-78.285409,323.0
46.102828,-78.300752,340.0
46.108207,-78.643112,326.0
46.110104,-78.644258,319.0
46.110602,-78.283549,317.0
46.11149,-78.682889,357.0
46.112152,-78.283991,317.0
46.112287,-78.681888,355.0
46.116245,-78.671161,343.0
46.120402,-78.663168,329.0
46.120644,-78.664452,329.0
46.121075,-78.664395,320.0
45.866146,-77.752256,227.0
45.866305,-77.752594,232.0
45.86652,-79.110844,390.0
45.866525,-78.113732,321.0
45.866778,-77.899403,272.0
45.866843,-79.11348,395.0
45.866912,-77.754142,247.0
45.867171,-77.902596,263.0
45.867708,-79.115716,393.0
45.867953,-78.863679,407.0
45.868063,-78.349431,382.0
45.868174,-78.337048,375.0
45.868466,-78.868172,406.0
45.868681,-79.108727,395.0
45.869054,-78.337417,377.0
45.869563,-78.353335,383.0
45.869984,-78.344808,378.0
45.870049,-78.338144,388.0
45.870394,-78.342912,381.0
45.87057,-78.340206,378.0
45.870961,-77.920404,277.0
45.871349,-77.647191,200.0
45.871672,-77.680009,203.0
45.871695,-77.680357,203.0
45.871752,-77.679968,211.0
45.871803,-77.680352,203.0
45.871857,-77.560711,173.0
45.87201,-77.560298,173.0
45.872054,-78.940815,422.0
45.872525,-77.935089,257.0
45.872793,-77.925067,257.0
45.8728,-78.846324,417.0
45.873566,-77.677541,213.0
45.874278,-77.654031,223.0
45.874447,-77.683933,199.0
45.874582,-79.092028,399.0
45.874623,-77.684386,192.0
45.874897,-77.68488,192.0
45.875531,-79.090959,394.0
45.875797,-77.574798,165.0
45.875899,-77.812206,221.0
45.87604,-78.824451,391.0
45.876203,-77.684858,205.0
45.876418,-77.674237,218.0
45.877308,-78.888222,417.0
45.877329,-77.578363,168.0
45.878329,-77.667217,206.0
45.878586,-77.683858,203.0
45.879022,-77.805256,221.0
45.879994,-77.666685,229.0
45.880937,-78.891122,434.0
45.881405,-77.683512,206.0
45.881707,-78.894831,419.0
45.881709,-78.896243,433.0
45.881906,-78.882828,438.0
45.884053,-77.682232,191.0
45.884182,-78.904914,416.0
45.884466,-78.879134,406.0
45.88477,-78.675493,403.0
45.88497,-77.650991,186.0
45.885709,-77.66396,182.0
45.886148,-77.799991,228.0
45.886383,-77.79974,228.0
45.886414,-78.655078,404.0
45.886436,-78.656944,394.0
45.886836,-77.656339,201.0
45.886926,-77.657799,195.0
45.887073,-77.659285,193.0
45.887256,-78.704765,434.0
45.887565,-78.570162,422.0
45.887816,-77.681274,191.0
45.888535,-78.567402,419.0
45.888694,-78.492839,397.0
45.888787,-77.680695,208.0
45.888821,-77.679284,202.0
45.888927,-78.699202,421.0
45.889009,-78.697641,430.0
45.889754,-77.681067,214.0
45.889823,-78.706521,425.0
45.890416,-78.546961,394.0
45.890806,-78.540426,396.0
45.891122,-78.772554,397.0
45.891594,-78.707659,437.0
45.891837,-78.203317,371.0
45.892563,-78.20136,381.0
45.893124,-78.7714,380.0
45.893295,-78.204504,385.0
45.89376,-78.199467,372.0
45.893939,-78.271078,380.0
45.8945,-78.763926,389.0
45.894513,-78.759795,376.0
45.894614,-78.271988,380.0
45.895252,-78.198923,374.0
45.895342,-78.206029,381.0
45.895366,-78.67631,419.0
45.895719,-78.510353,432.0
45.895724,-79.052044,403.0
45.896133,-78.519098,454.0
45.896826,-79.050729,388.0
45.896944,-78.195611,372.0
