osm_id,type,name,lat,lon
916783048,dam,West Harry Lake Dam,45.5363335,-78.8400426
916785951,dam,Minnow Lake Dam,45.5010123,-78.8540216
1914569532,waterfall,Twin Falls,45.4445836,-78.8294046
1914796706,waterfall,Twin Falls,45.4433378,-78.8281655
10854275314,rapids,Tea Falls,45.4911996,-78.7504496
10899461705,waterfall,,45.4532361,-78.7413163
78040044,dam,Marion Lake Dam,45.514182,-78.8984496
180764851,dam,Tea Lake Dam,45.4950042,-78.7505369
939163334,rapids,,45.4278833,-78.3867228
939847577,dam,,45.3692856,-78.4521477
959637986,dam,,45.3787788,-78.5791325
959648841,dam,,45.3673069,-78.5752838
1776045326,waterfall,,45.5385313,-78.5454727
1776047226,waterfall,,45.5360039,-78.5465868
1777670714,dam,,45.5384844,-78.6319241
1912251736,dam,,45.4935101,-78.6548386
1918079025,rapids,,45.4677014,-78.6177875
1918079033,rapids,,45.4683347,-78.6183749
1919985031,waterfall,,45.4991426,-78.5352301
1922029730,waterfall,,45.4323957,-78.3823681
1925348954,waterfall,,45.4331439,-78.3560574
1925348973,rapids,,45.433274,-78.3566149
1925348982,rapids,,45.4333366,-78.3570328
9611385342,waterfall,,45.4641426,-78.2982942
82450532,dam,,45.3792802,-78.5427617
181751906,rapids,,45.4776591,-78.3955612
181751907,rapids,,45.4790525,-78.3957761
181962225,dam,Rock Lake Dam,45.4927783,-78.3557484
1171031272,dam,,45.4911442,-78.5354801
1429841756,dam,,45.4931684,-78.6550299
9593180211,waterfall,High Falls,45.2068074,-78.1563681
915143939,rapids,,45.7259374,-78.7068645
915180087,waterfall,,45.7332156,-78.8715888
915180297,waterfall,,45.7345307,-78.8689345
915183026,rapids,,45.699924,-78.7882598
916822065,dam,McCraney Dam,45.5460801,-78.9046317
1201648597,waterfall,,45.9048585,-78.731019
1201656218,rapids,,45.9045914,-78.7318685
1202244547,rapids,,45.8747106,-78.8395079
1218049774,rapids,,45.7798405,-79.0264285
1218058326,rapids,,45.7778421,-79.0196491
1218059701,rapids,,45.7801182,-79.0259542
1218289536,dam,Craig Lake Dam,45.8889267,-79.0756086
13970267961,dam,,45.8330127,-79.0653441
77847703,rapids,,45.723533,-78.7195624
104140232,rapids,,45.9026087,-78.7365946
104140515,rapids,,45.9056117,-78.7292117
104217558,rapids,,45.8947581,-78.7627771
104217830,rapids,,45.8926059,-78.7716846
104219402,dam,Longbow Lake Dam,45.753101,-78.9033673
105783278,dam,,45.7951551,-79.0116468
105808732,weir,,45.9342519,-79.1125719
1151278909,dam,Joe Lake Dam,45.5735742,-78.7187101
1152290240,dam,,45.7138336,-78.7543397
1152504920,dam,,45.7798254,-79.026782
1152504922,dam,,45.7586802,-78.9905288
885180263,dam,,45.6058541,-78.3173417
890396777,rapids,,45.9191659,-78.3714186
922500113,rapids,,45.92099,-78.3762648
922514222,dam,,45.9133916,-78.4504522
1201197446,rapids,,45.9011003,-78.5929781
1201199665,rapids,Catfish Rapids,45.9076292,-78.5599491
1201203825,rapids,Snowshoe Rapids,45.9085137,-78.5806882
1201207177,rapids,Cedar Rapids,45.9014475,-78.5926294
1201534445,rapids,,45.7875858,-78.6582932
1201540412,dam,Big Trout Lake Dam,45.7852851,-78.6530967
1201544644,rapids,,45.7854299,-78.6533011
1201545711,rapids,,45.7855567,-78.6533261
1201547110,rapids,,45.7876954,-78.6580634
1201648864,rapids,,45.8878446,-78.6557146
1201649093,rapids,,45.8877566,-78.654846
1201649196,rapids,,45.8877006,-78.6545509
1734684758,rapids,,45.6881037,-78.266662
1776047243,rapids,,45.5476245,-78.5621062
1776047258,rapids,,45.5477831,-78.5612398
1776047263,rapids,,45.5477416,-78.5610341
1776047267,waterfall,,45.5477432,-78.560794
1776047271,rapids,,45.54775,-78.5605886
1776047276,rapids,,45.5477252,-78.560372
7999535397,waterfall,,45.5583713,-78.5194722
7999535433,waterfall,Provoking Falls,45.5675758,-78.5126085
8781161696,rapids,,45.8977292,-78.1960219
8781161697,rapids,,45.8972401,-78.1960112
8781218167,rapids,,45.8431642,-78.3998054
11005703279,rapids,,45.8208469,-78.6638897
11044517437,rapids,,45.8473906,-78.3971232
75403302,rapids,,45.9203424,-78.3731409
78631168,rapids,,45.9210326,-78.375032
160652648,dam,Lake Laveille Dam,45.8931473,-78.2031743
160652654,dam,,45.8938612,-78.1999803
161484741,rapids,,45.8195397,-78.2125945
161484742,rapids,,45.8194762,-78.2124543
161484743,rapids,,45.8193975,-78.2122582
161484744,rapids,,45.8193598,-78.2120627
161493812,dam,Opeongo Lake Dam,45.6983973,-78.2745324
166078540,dam,Lake of Two Rivers Dam,45.5654923,-78.4508657
166089964,rapids,,45.5716309,-78.5002702
166089995,dam,,45.5915626,-78.5190685
166125334,dam,,45.5494073,-78.5675076
180388674,rapids,,45.8684554,-78.3379106
180388675,rapids,,45.8686113,-78.3377573
180388676,rapids,,45.8687788,-78.3375617
180388677,rapids,,45.8699744,-78.3382836
180388678,rapids,,45.870021,-78.3385716
180388679,rapids,,45.8700808,-78.3388102
180388680,rapids,,45.8701483,-78.3390797
180388681,rapids,,45.8702093,-78.3393309
180388682,rapids,,45.8702844,-78.3396648
180388684,rapids,,45.8688685,-78.3530015
180388685,rapids,,45.868807,-78.352647
180388686,rapids,,45.8687679,-78.3523795
180388687,rapids,,45.868701,-78.3520532
180388688,rapids,,45.8686898,-78.3518616
180388689,rapids,,45.8686182,-78.3516325
180388690,rapids,,45.8686266,-78.3513977
180388691,rapids,,45.86869,-78.3511646
180388692,rapids,,45.8687455,-78.3507796
180388693,rapids,,45.86872,-78.3505973
180388694,rapids,,45.8686692,-78.35041
180388695,rapids,,45.8685455,-78.3501888
180388696,rapids,,45.8684161,-78.3500836
180388698,rapids,,45.8683441,-78.3499823
180388699,rapids,,45.8682577,-78.3498071
181010026,dam,Burnt Island Lake Dam,45.621579,-78.6807077
1186118488,rapids,,45.8974772,-78.1954072
1189444057,dam,,45.8341319,-78.407729
1218957319,rapids,,45.8836945,-77.6815302
1218957592,waterfall,Brigham Chute,45.8864103,-77.6556096
1218958735,rapids,,45.8772332,-77.6839131
1219003930,rapids,,45.8720044,-77.6816601
1219005388,rapids,,45.8601836,-77.687341
1219005692,rapids,,45.8573872,-77.6876333
1219009069,rapids,,45.8569109,-77.6883629
1219012604,rapids,,45.8605198,-77.6896799
1219012760,rapids,,45.8571108,-77.6881215
4338448367,waterfall,,45.8759922,-77.578086
10605064009,rapids,,45.8609737,-77.6872739
10605064010,rapids,,45.8606655,-77.6874858
10605064013,rapids,,45.8584184,-77.6874349
10605064023,rapids,,45.8578449,-77.6874644
745215386,rapids,,46.0033844,-79.0723221
745271042,rapids,,46.0516177,-78.7567595
745277942,rapids,,46.0515508,-78.7536151
745316836,rapids,,46.002049,-79.0640092
1225951423,rapids,,46.0034997,-79.072599
1576292131,rapids,,45.9738251,-78.9942546
1576292134,rapids,,45.9738643,-78.994718
1576292135,rapids,,45.97395,-78.994986
1576292138,rapids,,45.9741338,-78.9953037
1576292140,rapids,,45.9743529,-78.9955291
1576292142,rapids,,45.9746049,-78.9957328
1576292182,rapids,,45.9733945,-78.9924671
1576292188,rapids,,45.9724034,-78.9912611
1576292214,rapids,,45.9716641,-78.9914155
1576292217,rapids,,45.9719345,-78.9914783
1576292220,rapids,,45.9723746,-78.9916316
1576733799,rapids,,45.9466148,-78.9644645
1576733827,rapids,,45.9471658,-78.9645734
1578809983,waterfall,,46.0485666,-78.9279155
1578810062,waterfall,,46.04816,-78.9278274
1582700270,rapids,,45.980513,-78.7654115
1582700281,rapids,,45.9802335,-78.7677055
1583411155,waterfall,,46.0368861,-78.8453328
1583411160,waterfall,,46.037223,-78.8456303
1583411164,waterfall,,46.0374556,-78.8459959
1583411178,waterfall,,46.0380427,-78.8479874
1583411183,waterfall,,46.0382732,-78.8482805
1583411186,waterfall,,46.0384942,-78.8484383
9018685948,waterfall,,46.0487857,-78.9283939
131304379,rapids,,46.0932503,-78.8870983
131304380,rapids,,46.091342,-78.8851904
131304381,rapids,,46.0930587,-78.8867253
131304382,rapids,,46.0932822,-78.8875773
131304383,rapids,,46.0927816,-78.8863962
131304384,rapids,,46.0917306,-78.8850928
131304385,rapids,,46.0925616,-78.8860143
131304386,rapids,,46.0922828,-78.8851594
131304387,rapids,,46.0920369,-78.8850794
131304388,rapids,,46.0931882,-78.8878714
131304389,rapids,,46.0928977,-78.8882997
131304390,rapids,,46.0924546,-78.8853644
144338641,rapids,,46.0456967,-78.9631798
144338643,rapids,,46.0460184,-78.9627903
144338645,rapids,,46.0463322,-78.9625431
144338648,rapids,,46.0466756,-78.9624442
144338651,rapids,,46.0470061,-78.9624321
144338653,rapids,,46.0473053,-78.9623904
144338655,rapids,,46.0475408,-78.9621243
144338657,rapids,,46.0475878,-78.9617349
144338660,rapids,,46.0476327,-78.961191
1388854555,weir,,46.0911416,-78.8854255
921351353,rapids,,45.9799612,-78.4950776
921367549,rapids,,45.9669279,-78.4420852
921369382,rapids,,45.9676116,-78.4423513
921370803,rapids,,45.966784,-78.4409143
921489206,rapids,,45.9756725,-78.2224167
922226965,rapids,,45.9732588,-78.3176655
922227905,dam,,45.9510002,-78.3319849
922230069,rapids,,45.9757604,-78.3177191
1201236642,rapids,,45.9744369,-78.5053611
1201238426,rapids,,45.9687092,-78.5125199
1201239392,rapids,,45.9677123,-78.5127215
1201239689,rapids,,45.9731358,-78.5068685
1201239853,rapids,,45.9664409,-78.510319
1201240208,rapids,,45.9725355,-78.5076624
1201240531,rapids,,45.9763383,-78.5032475
1201242749,rapids,,45.974847,-78.5042667
1201244407,rapids,,45.97519,-78.5035533
1201245461,rapids,,45.9651052,-78.5104617
1201246318,rapids,,45.9720919,-78.5088748
1201247788,rapids,,45.9638219,-78.5057259
1226062820,waterfall,,46.0573673,-78.6197358
1226126834,waterfall,,46.0048019,-78.4843755
1226327960,rapids,,46.0455012,-78.2855188
1226327992,rapids,,46.0495591,-78.2842418
1226328020,rapids,,46.0469319,-78.2843632
1226328029,rapids,,46.0457666,-78.2839555
6372483042,rapids,,46.1003028,-78.3049621
6374741321,rapids,,46.096598,-78.632685
11039699268,rapids,,46.0049132,-78.5242843
11039699273,rapids,,46.0013626,-78.5268402
11039699275,rapids,,46.0022159,-78.5267276
11039699288,rapids,,46.005059,-78.5231388
14023967835,rapids,,45.9568591,-78.5349159
104083458,dam,Rolling Dam,45.9692537,-78.607102
104083723,rapids,,45.9690234,-78.6072495
104083883,rapids,,45.9676705,-78.6080828
104145486,dam,Perley Dam,45.9695475,-78.6295304
106579669,rapids,,46.0006481,-78.5276126
106579670,rapids,,46.0010321,-78.5267809
106582935,rapids,,46.005859,-78.4085649
106582938,rapids,,46.0054415,-78.4090795
106582939,dam,,46.0047237,-78.4100515
106602372,rapids,,46.0120189,-78.356418
106602373,rapids,,46.0115838,-78.3552575
106602375,rapids,,46.0121525,-78.3554835
106602379,rapids,,46.0144163,-78.3624128
680569253,rapids,,46.0997342,-78.312262
680569260,rapids,,46.1014723,-78.292297
680569269,rapids,,46.0875553,-78.2782319
680569292,rapids,,46.0999591,-78.3124116
680569297,rapids,,46.1008924,-78.3131599
680569318,rapids,,46.0992367,-78.3101906
680569339,rapids,,46.1014664,-78.3040584
680569358,rapids,,46.0992574,-78.3098321
680569364,rapids,,46.0995943,-78.3091848
680569381,rapids,,46.0996466,-78.3082331
680569384,rapids,,46.0994358,-78.3064935
680569386,rapids,,46.1024372,-78.3018507
680569394,rapids,,46.1013209,-78.2911393
680569414,rapids,,46.0993032,-78.3108489
680569429,rapids,,46.0994173,-78.306958
680569452,rapids,,46.1022038,-78.3032663
680569476,rapids,,46.0995585,-78.3120553
680569481,rapids,,46.0997607,-78.3054403
680569496,rapids,,46.0866479,-78.2780518
1189008575,rapids,,46.011456,-78.2953511
6651297324,rapids,,46.0949271,-78.1507299
9046433870,waterfall,,45.9609891,-78.0673689
78527978,dam,,45.9498832,-78.1288265
78528065,rapids,,45.9524517,-78.1517835
78528123,rapids,,45.9639791,-78.1859767
78528162,rapids,,45.9523272,-78.1530306
78528223,rapids,,45.9539264,-78.1546542
78528392,dam,,45.9557989,-78.1858206
78528435,rapids,,45.953397,-78.1538295
78528486,rapids,,45.9559377,-78.1854105
78528492,rapids,,45.9498353,-78.1275019
78528610,rapids,,45.9497703,-78.1284766
78587973,rapids,,45.9491329,-78.0949553
78588046,rapids,,45.9495953,-78.104556
78588074,rapids,,45.9602822,-78.0709444
78588099,rapids,,45.9491522,-78.1022575
78588128,rapids,,45.9550254,-78.0806513
78588179,rapids,,45.949479,-78.1248454
78588198,rapids,,45.9595664,-78.0709612
78588263,rapids,,45.9527649,-78.0809078
78588432,rapids,,45.9608013,-78.0703725
78588463,rapids,,45.9597716,-78.0670442
78588673,rapids,,45.9481706,-78.1135938
78588707,rapids,,45.957321,-78.0798079
78588727,rapids,,45.9521307,-78.0808413
78588799,rapids,,45.9496856,-78.0880788
78588827,rapids,,45.9593221,-78.0690604
78588847,rapids,,45.9538228,-78.0804583
78588930,rapids,,45.9480367,-78.115278
78589040,rapids,,45.9483736,-78.1175151
78589132,rapids,,45.9557185,-78.0805516
78589153,rapids,,45.9502175,-78.0913347
78589221,rapids,,45.9488982,-78.1219089
78589251,rapids,,45.9496247,-78.1239504
78589273,rapids,,45.9497819,-78.0892883
78589279,rapids,,45.9613924,-78.0663478
78589344,rapids,,45.949436,-78.122326
78589361,rapids,,45.9599315,-78.0660828
78589415,rapids,,45.9487866,-78.0955915
78589448,rapids,,45.9492949,-78.1057972
78589592,rapids,,45.9498865,-78.092408
660241719,rapids,,46.0371349,-77.9967655
660241739,rapids,Little Thompson Rapids,46.0424563,-77.9869385
660241747,rapids,Big Thompson Rapids,46.0370015,-77.9973834
660243068,rapids,,46.0621565,-77.9035568
660243074,rapids,,46.0495453,-77.8934086
660243101,rapids,,46.0483703,-77.8843526
660243121,rapids,,46.0489159,-77.8766091
660243128,rapids,,46.0490034,-77.8759837
660243135,rapids,Rollway Rapids,46.048264,-77.8867258
660292930,rapids,,46.0637707,-77.9457174
660293086,rapids,Grillade Rapids,46.0632288,-77.9468237
660303055,rapids,,46.0666009,-77.9110868
660303160,rapids,,46.0648881,-77.9246524
660303195,rapids,,46.0664638,-77.926346
660574613,rapids,,46.0421823,-77.8185555
660574614,rapids,,46.045898,-77.8331057
660574615,rapids,,46.0491025,-77.874549
660574616,rapids,,46.0422972,-77.8131923
660574617,rapids,The Natch,46.0489996,-77.8729697
660574618,rapids,,46.0424534,-77.8198833
660574619,rapids,,46.0451999,-77.832236
660615129,rapids,,46.0332524,-77.7733734
660615132,rapids,Schooner Rapids,46.0423858,-77.7934077
660615136,rapids,,46.0334387,-77.7745943
660615144,rapids,,46.0376621,-77.7799653
660615148,rapids,,46.0412405,-77.8007945
660615167,rapids,,46.0409772,-77.8078286
660700855,rapids,,46.0248026,-77.7551089
660700877,rapids,,46.0237074,-77.7549332
660700885,rapids,,46.0241273,-77.7561692
662245882,rapids,,46.019511,-77.7445882
662245894,rapids,,46.0159906,-77.738599
662245899,rapids,,46.0202516,-77.7459005
662245907,rapids,,46.0182405,-77.7404375
707844325,rapids,,46.0334025,-78.0069795
707844526,dam,,46.0331597,-78.0077688
707844599,dam,,46.0334366,-78.0060703
707845468,dam,,46.0334576,-78.0063759
977660237,rapids,,45.9593195,-78.0679538
977660238,rapids,,45.9597807,-78.0677687
